label,uri,id
"Pogonias cromis (Linnaeus, 1766)",http://eol.org/pages/46579058,46579058
"Pomacea paludosa (Say, 1829)",http://eol.org/pages/48801731,48801731
"Busycon RÃ¶ding, 1798",http://eol.org/pages/46463538,46463538
Chondrichthyes,http://eol.org/pages/2774522,2774522
Marsupials,http://eol.org/pages/42415193,42415193
Bromus,http://eol.org/pages/108079,108079
Convolvulaceae,http://eol.org/pages/4431,4431
Scrophulariaceae,http://eol.org/pages/4429,4429
Lolium,http://eol.org/pages/108090,108090
Trifolieae,http://eol.org/pages/11911326,11911326
Buglossoides arvensis (L.) I. M. Johnst.,http://eol.org/pages/489676,489676
acacia,http://eol.org/pages/13650,13650
echium,http://eol.org/pages/49195,49195
Ficus sycomorus L.,http://eol.org/pages/491538,491538
Ambrosia maritima L.,http://eol.org/pages/475430,475430
Valerianaceae,http://eol.org/pages/4260,4260
Zygophyllaceae,http://eol.org/pages/4418,4418
Molothrus,http://eol.org/pages/13971,13971
"Branta canadensis (Linnaeus, 1758)",http://eol.org/pages/45510537,45510537
"Crotalus atrox Baird & Girard, 1853",http://eol.org/pages/795269,795269
Gyps,http://eol.org/pages/92482,92482
Picoides,http://eol.org/pages/14212,14212
Anas platyrhynchos Linnaeus 1758,http://eol.org/pages/1047918,1047918
"Uria lomvia (Linnaeus, 1758)",http://eol.org/pages/1049762,1049762
"Coccothraustes vespertinus (W. Cooper, 1825)",http://eol.org/pages/1178577,1178577
"Euthynnus alletteratus (Rafinesque, 1810)",http://eol.org/pages/223064,223064
"Alligator mississippiensis (Daudin, 1802)",http://eol.org/pages/796029,796029
"Phalacrocorax auritus (Lesson, R, 1831)",http://eol.org/pages/45511372,45511372
"Zenopsis conchifer (Lowe, 1852)",http://eol.org/pages/221981,221981
"Bairdiella chrysoura (Lacepède, 1802)",http://eol.org/pages/215337,215337
Anser,http://eol.org/pages/18015,18015
"Rangifer tarandus (Linnaeus, 1758)",http://eol.org/pages/328653,328653
"Antilocapra americana (Ord, 1815)",http://eol.org/pages/328661,328661
Falconidae,http://eol.org/pages/8007,8007
Canidae,http://eol.org/pages/7676,7676
Chelonia mydas Linnaeus 1758,http://eol.org/pages/454546,454546
"Sylvilagus aquaticus (Bachman, 1837)",http://eol.org/pages/970830,970830
Pelycopoda,http://eol.org/pages/14022305,14022305
"Mercenaria Schumacher, 1817",http://eol.org/pages/46469523,46469523
"Lepomis microlophus (GÃ¼nther, 1859)",http://eol.org/pages/995130,995130
"Lepisosteus LacepÃ¨de, 1803",http://eol.org/pages/46582203,46582203
Mephitidae,http://eol.org/pages/7671,7671
Thraupidae,http://eol.org/pages/1604,1604
"Herpestidae Bonaparte, 1845",http://eol.org/pages/7673,7673
Zoarcidae,http://eol.org/pages/5185,5185
"Leptotila verreauxi (Bonaparte, 1855)",http://eol.org/pages/914670,914670
"Apalone ferox (Schneider, 1783)",http://eol.org/pages/795754,795754
Crassostrea brasiliana (Lamarck 1819),http://eol.org/pages/449554,449554
Passeriformes,http://eol.org/pages/1596,1596
Potamon potamios,http://eol.org/pages/342805,342805
"Lutra canadensis (Schreber, 1777)",http://eol.org/pages/46559124,46559124
"Micropterus LacepÃ¨de, 1802",http://eol.org/pages/46580118,46580118
"Busycon carica (Gmelin, 1791)",http://eol.org/pages/46463539,46463539
Cyprinus,http://eol.org/pages/13038,13038
"Centropomus parallelus Poey, 1860",http://eol.org/pages/46580158,46580158
"Meleagris gallopavo Linnaeus, 1758",http://eol.org/pages/45510619,45510619
"Anas fulvigula Ridgway, 1874",http://eol.org/pages/45510560,45510560
Vulpes,http://eol.org/pages/19076,19076
Scolopax,http://eol.org/pages/79046,79046
"Chrysemys Gray, 1844",http://eol.org/pages/35258,35258
Felis,http://eol.org/pages/20189,20189
Phalaropus,http://eol.org/pages/104376,104376
Numenius arquata,http://eol.org/pages/1049389,1049389
"Potamoidea Ortmann, 1896",http://eol.org/pages/7195,7195
Gopherus polyphemus DAUDIN 1802,http://eol.org/pages/456481,456481
dog,http://eol.org/pages/1228387,1228387
Malva,http://eol.org/pages/61013,61013
"Sigmodon hispidus Say & Ord, 1825",http://eol.org/pages/328441,328441
Columba oenas,http://eol.org/pages/1049690,1049690
"Euglandina rosea (Ferussac, 1818)",http://eol.org/pages/452700,452700
Squaliformes,http://eol.org/pages/8888,8888
"Dinocardium robustum (Lightfoot, 1786)",http://eol.org/pages/46473726,46473726
Trachemys scripta subsp. scripta,http://eol.org/pages/1242029,1242029
"Rangia cuneata (G. B. Sowerby I, 1832)",http://eol.org/pages/46471973,46471973
Sulidae,http://eol.org/pages/7984,7984
Botaurus stellaris,http://eol.org/pages/1049017,1049017
"Micropogonias Bonaparte, 1831",http://eol.org/pages/46578959,46578959
"Lobosculum Pilsbry, 1930",http://eol.org/pages/70825,70825
Mugilidae,http://eol.org/pages/5287,5287
"Cavia porcellus (Linnaeus, 1758)",http://eol.org/pages/326924,326924
Chenopodium (goosefoots),http://eol.org/pages/37754,37754
Sula,http://eol.org/pages/19876,19876
"Balanus Costa, 1778",http://eol.org/pages/35798,35798
"Acteocinidae Dall, 1913",http://eol.org/pages/46448165,46448165
"Arcidae Lamarck, 1809",http://eol.org/pages/46465774,46465774
"Brevoortia Gill, 1861",http://eol.org/pages/46562445,46562445
"Polygyra Say, 1818",http://eol.org/pages/50337,50337
"Erimyzon Jordan, 1876",http://eol.org/pages/99511,99511
"Leiostomus xanthurus LacepÃ¨de, 1802",http://eol.org/pages/46579046,46579046
Perca,http://eol.org/pages/24007,24007
"Triodopsis Rafinesque, 1819",http://eol.org/pages/50329,50329
"Prionotus LacepÃ¨de, 1801",http://eol.org/pages/46568728,46568728
"Donax variabilis Say, 1822",http://eol.org/pages/46474542,46474542
"Crassostrea virginica (Gmelin, 1791)",http://eol.org/pages/46467110,46467110
Serpentes,http://eol.org/pages/46559499,46559499
Sitta,http://eol.org/pages/34691,34691
"Elops saurus Linnaeus, 1766",http://eol.org/pages/225460,225460
Tyrannus,http://eol.org/pages/34755,34755
Rattus,http://eol.org/pages/42343,42343
Moraceae,http://eol.org/pages/4450,4450
Reptilia,http://eol.org/pages/1703,1703
Mephitis,http://eol.org/pages/35946,35946
Pagrus,http://eol.org/pages/24067,24067
"Cyclopterus lumpus Linnaeus, 1758",http://eol.org/pages/1011820,1011820
Arecaceae,http://eol.org/pages/8193,8193
Brassicaceae,http://eol.org/pages/4219,4219
Asteraceae,http://eol.org/pages/4206,4206
Otis,http://eol.org/pages/33765,33765
"Accipiter gentilis (Linnaeus, 1758)",http://eol.org/pages/1049024,1049024
Sarcopterygii,http://eol.org/pages/8909,8909
Accipitridae,http://eol.org/pages/8016,8016
Sterna hirundo Linnaeus 1758,http://eol.org/pages/1049639,1049639
"Dromaius novaehollandiae (Latham, 1790)",http://eol.org/pages/1178369,1178369
Struthio camelus Linnaeus 1758,http://eol.org/pages/1178371,1178371
"Poecile atricapillus (Linnaeus, 1766)",http://eol.org/pages/1178539,1178539
Erinaceus concolor,http://eol.org/pages/1178682,1178682
"Marmota monax (Linnaeus, 1758)",http://eol.org/pages/327979,327979
Chenopodiaceae,http://eol.org/pages/4230,4230
Malvaceae,http://eol.org/pages/4321,4321
Portulacaceae,http://eol.org/pages/4234,4234
Rosaceae,http://eol.org/pages/8097,8097
Tamaricaceae,http://eol.org/pages/4464,4464
Primulaceae,http://eol.org/pages/4367,4367
Lamiaceae,http://eol.org/pages/4302,4302
Molluginaceae,http://eol.org/pages/4231,4231
Limnodromus,http://eol.org/pages/19937,19937
"Castor fiber Linnaeus, 1758",http://eol.org/pages/1036116,1036116
"Macroramphosus scolopax (Linnaeus, 1758)",http://eol.org/pages/205113,205113
"Aythya marila (Linnaeus, 1761)",http://eol.org/pages/1048972,1048972
Solanaceae,http://eol.org/pages/4437,4437
Apodidae,http://eol.org/pages/8023,8023
Bubo,http://eol.org/pages/14511,14511
Phalaris,http://eol.org/pages/108108,108108
Ostreoidea,http://eol.org/pages/4743882,4743882
Polymixiidae,http://eol.org/pages/5167,5167
Grus grus,http://eol.org/pages/1049273,1049273
Coccothraustes,http://eol.org/pages/34421,34421
Reithrodontomys,http://eol.org/pages/42339,42339
Bufo,http://eol.org/pages/15219,15219
Hexagrammidae,http://eol.org/pages/5138,5138
"Puma Jardine, 1834",http://eol.org/pages/34428,34428
Geoemydidae,http://eol.org/pages/8128,8128
"Picoides villosus (Linnaeus, 1766)",http://eol.org/pages/917240,917240
Corvidae,http://eol.org/pages/7557,7557
"Martes foina (Erxleben, 1777)",http://eol.org/pages/311514,311514
Pisum,http://eol.org/pages/27825,27825
Aves,http://eol.org/pages/695,695
Acipenser,http://eol.org/pages/15048,15048
Scardinius,http://eol.org/pages/25262,25262
Marmota,http://eol.org/pages/34620,34620
Donacilla,http://eol.org/pages/2972692,2972692
Fulica americana Gmelin 1789,http://eol.org/pages/1049311,1049311
"Alosa pseudoharengus (Wilson, 1811)",http://eol.org/pages/205466,205466
Saltator albicollis Vieillot 1817,http://eol.org/pages/915853,915853
"Phalaropus fulicarius (Linnaeus, 1758)",http://eol.org/pages/1064981,1064981
Trichoglossus,http://eol.org/pages/34796,34796
Columbina,http://eol.org/pages/18575,18575
Camelus,http://eol.org/pages/38902,38902
"Melanogrammus aeglefinus (Linnaeus, 1758)",http://eol.org/pages/212899,212899
Unionidae,http://eol.org/pages/2274,2274
Vitales,http://eol.org/pages/2865192,2865192
"Cynoscion arenarius Ginsburg, 1930",http://eol.org/pages/1012532,1012532
Pavo cristatus Linnaeus 1758,http://eol.org/pages/1049264,1049264
"Wilsonia canadensis (Linnaeus, 1766)",http://eol.org/pages/1051398,1051398
"Centropristis striata (Linnaeus, 1758)",http://eol.org/pages/205158,205158
Pristigenys,http://eol.org/pages/24931,24931
Columba palumbus,http://eol.org/pages/1049693,1049693
"Condylura cristata (Linnaeus, 1758)",http://eol.org/pages/327366,327366
"Ursus americanus Pallas, 1780",http://eol.org/pages/328582,328582
"Quiscalus quiscula (Linnaeus, 1758)",http://eol.org/pages/1052056,1052056
Triticum aestivum,http://eol.org/pages/1115240,1115240
"Catharus fuscescens (Stephens, 1817)",http://eol.org/pages/1177539,1177539
Anguilla,http://eol.org/pages/12992,12992
"Morone americana (Gmelin, 1789)",http://eol.org/pages/216654,216654
"Cerastoderma edule (Linnaeus, 1758)",http://eol.org/pages/395985,395985
"Picoides pubescens (Linnaeus, 1766)",http://eol.org/pages/1047051,1047051
"Circus cyaneus (Linnaeus, 1766)",http://eol.org/pages/1049123,1049123
Strix varia Barton 1799,http://eol.org/pages/1045909,1045909
"Phoebastria nigripes (Audubon, 1839)",http://eol.org/pages/1178536,1178536
Condylura,http://eol.org/pages/42153,42153
"Tringa melanoleuca (J. F. Gmelin, 1789)",http://eol.org/pages/1049431,1049431
"Pheucticus ludovicianus (Linnaeus, 1766)",http://eol.org/pages/1052072,1052072
"Oncorhynchus keta (Walbaum, 1792)",http://eol.org/pages/205247,205247
"Eumetopias Gill, 1866",http://eol.org/pages/42386,42386
Eptesicus,http://eol.org/pages/42208,42208
Homo,http://eol.org/pages/42268,42268
"Cynoscion nothus (Holbrook, 1848)",http://eol.org/pages/217298,217298
Cavia,http://eol.org/pages/42055,42055
"Piranga olivacea (Gmelin, 1789)",http://eol.org/pages/1178181,1178181
"Mniotilta varia (Linnaeus, 1766)",http://eol.org/pages/1050872,1050872
"Lophius americanus Valenciennes, 1837",http://eol.org/pages/206727,206727
"Cynoscion regalis (Bloch and Schneider, 1801)",http://eol.org/pages/357147,357147
Passer,http://eol.org/pages/80211,80211
Calamus,http://eol.org/pages/25595,25595
Melanogrammus,http://eol.org/pages/26754,26754
Circus,http://eol.org/pages/20285,20285
Ictaluridae,http://eol.org/pages/5099,5099
Syngnathiformes,http://eol.org/pages/5063,5063
Siluriformes,http://eol.org/pages/5083,5083
Passerella,http://eol.org/pages/15833,15833
Antigonia,http://eol.org/pages/25773,25773
Cervidae,http://eol.org/pages/7685,7685
"Echeneis neucratoides Zuiew, 1786",http://eol.org/pages/207187,207187
"Morone saxatilis (Walbaum, 1792)",http://eol.org/pages/211032,211032
"Alosa sapidissima (Wilson, 1811)",http://eol.org/pages/205467,205467
"Micropterus dolomieu Lacepède, 1802",http://eol.org/pages/207898,207898
"Tringa semipalmata (Gmelin, 1789)",http://eol.org/pages/1049464,1049464
Rachycentron,http://eol.org/pages/24971,24971
Charadrius vociferus Linnaeus 1758,http://eol.org/pages/1049356,1049356
Caviidae,http://eol.org/pages/8685,8685
"Ophichthus cruentifer (Goode and Bean, 1896)",http://eol.org/pages/207346,207346
Diomedeidae,http://eol.org/pages/8008,8008
"Salmo trutta Linnaeus, 1758",http://eol.org/pages/206777,206777
"Glaucidium brasilianum (Gmelin, 1788)",http://eol.org/pages/915118,915118
"Scophthalmus aquosus (Mitchill, 1815)",http://eol.org/pages/994474,994474
"Canis latrans Say, 1823",http://eol.org/pages/328608,328608
"Suidae (Hogs, pigs)",http://eol.org/pages/7681,7681
"Ameiurus nebulosus (Lesueur, 1819)",http://eol.org/pages/995106,995106
Phasianus,http://eol.org/pages/35872,35872
Icterus,http://eol.org/pages/13966,13966
Strigiformes,http://eol.org/pages/696,696
Urocyon,http://eol.org/pages/20188,20188
Pelecanidae,http://eol.org/pages/7999,7999
"Haliaeetus albicilla (Linnaeus, 1758)",http://eol.org/pages/1049120,1049120
Balistidae,http://eol.org/pages/5061,5061
bairdiella,http://eol.org/pages/24936,24936
Sterna forsteri Nuttall 1834,http://eol.org/pages/1049630,1049630
Scophthalmus,http://eol.org/pages/26933,26933
"Pseudoscops clamator (Vieillot, 1808)",http://eol.org/pages/1178346,1178346
"Puffinus griseus (Gmelin, 1789)",http://eol.org/pages/1047364,1047364
Ramphocelus,http://eol.org/pages/28160,28160
Accipiter striatus Vieillot 1808,http://eol.org/pages/1049045,1049045
Fumaria (fumitory),http://eol.org/pages/61793,61793
Sus scrofa,http://eol.org/pages/328663,328663
Thamnophis sirtalis LINNAEUS 1758,http://eol.org/pages/1055202,1055202
Gadiformes,http://eol.org/pages/5496,5496
Hemiramphidae,http://eol.org/pages/8244,8244
Phasianus colchicus Linnaeus 1758,http://eol.org/pages/1049238,1049238
"Colinus virginianus (Linnaeus, 1758)",http://eol.org/pages/1049187,1049187
"Cervus elaphus Linnaeus, 1758",http://eol.org/pages/328649,328649
"Equus asinus Linnaeus, 1758",http://eol.org/pages/328647,328647
"Scomber scombrus Linnaeus, 1758",http://eol.org/pages/206785,206785
Rallidae,http://eol.org/pages/7581,7581
Clethrionomys,http://eol.org/pages/103453,103453
"Patagioenas speciosa (Gmelin, 1789)",http://eol.org/pages/1064937,1064937
"Dama dama (Linnaeus, 1758)",http://eol.org/pages/313992,313992
"Blarina brevicauda (Say, 1823)",http://eol.org/pages/327368,327368
"Dermatemys mawii Gray, 1847",http://eol.org/pages/815713,815713
"Iguana iguana Linnaeus, 1758",http://eol.org/pages/793235,793235
"Amaurolimnas concolor (Gosse, 1847)",http://eol.org/pages/914955,914955
"Nasua narica (Linnaeus, 1766)",http://eol.org/pages/311953,311953
"Trachinocephalus myops (Forster, 1801)",http://eol.org/pages/137240,137240
"Sarda sarda (Bloch, 1793)",http://eol.org/pages/356355,356355
Strombus,http://eol.org/pages/58242,58242
Sciuridae,http://eol.org/pages/8703,8703
"Mazama americana (Erxleben, 1777)",http://eol.org/pages/129605,129605
"Melanerpes rubricapillus (Cabanis, 1862)",http://eol.org/pages/1177502,1177502
"Megaceryle torquata (Linnaeus, 1766)",http://eol.org/pages/1049955,1049955
Pandion,http://eol.org/pages/20229,20229
Cricetus cricetus,http://eol.org/pages/1179512,1179512
Sturnidae,http://eol.org/pages/1607,1607
Phyllostomidae,http://eol.org/pages/7637,7637
Sciurus,http://eol.org/pages/34612,34612
Sperata,http://eol.org/pages/24648,24648
"Odocoileus virginianus (Zimmermann, 1780)",http://eol.org/pages/328652,328652
"Arvicolinae Gray, 1821",http://eol.org/pages/2847171,2847171
Mergus,http://eol.org/pages/79662,79662
Ictalurus,http://eol.org/pages/24531,24531
"Aratinga finschi (Salvin, 1871)",http://eol.org/pages/1177971,1177971
Cichlasoma,http://eol.org/pages/11122,11122
"Capra hircus Linnaeus, 1758",http://eol.org/pages/328660,328660
Neogastropoda,http://eol.org/pages/2447,2447
Seiurus,http://eol.org/pages/34484,34484
Pisces,http://eol.org/pages/4656086,4656086
"Aythya F. Boie, 1822",http://eol.org/pages/88901,88901
Tautogolabrus,http://eol.org/pages/24264,24264
Felis catus domesticus,http://eol.org/pages/4444001,4444001
"Mimus polyglottos (Linnaeus, 1758)",http://eol.org/pages/1050704,1050704
"Trichoglossus ornatus (Linnaeus, 1758)",http://eol.org/pages/1177808,1177808
"Micropogonias undulatus (Linnaeus, 1766)",http://eol.org/pages/994841,994841
"Microtus pennsylvanicus (Ord, 1815)",http://eol.org/pages/1037788,1037788
"Megaceryle alcyon (Linnaeus, 1758)",http://eol.org/pages/1049954,1049954
Bos primigenius,http://eol.org/pages/11021570,11021570
Colinus,http://eol.org/pages/13920,13920
"Dendrocygna viduata (Linnaeus, 1766)",http://eol.org/pages/1047355,1047355
Sitta canadensis Linnaeus 1766,http://eol.org/pages/1050835,1050835
Dendrocygna,http://eol.org/pages/79714,79714
Helix aspersa,http://eol.org/pages/449907,449907
Calidris,http://eol.org/pages/18677,18677
Turdidae,http://eol.org/pages/1603,1603
Cyprinidae,http://eol.org/pages/3198,3198
Ophichthidae,http://eol.org/pages/8283,8283
Alcidae,http://eol.org/pages/8015,8015
"Natricinae Bonaparte, 1838",http://eol.org/pages/2816676,2816676
Priacanthidae,http://eol.org/pages/5221,5221
Lepisosteus,http://eol.org/pages/25728,25728
"Prionotus carolinus (Linnaeus, 1771)",http://eol.org/pages/225774,225774
"Ursus maritimus Phipps, 1774",http://eol.org/pages/328580,328580
Cardinalidae,http://eol.org/pages/7566,7566
Larus argentatus Pontoppidan 1763,http://eol.org/pages/1049581,1049581
"Micrastur semitorquatus (Vieillot, 1817)",http://eol.org/pages/1049227,1049227
"Milvago chimachima (Vieillot, 1816)",http://eol.org/pages/1049220,1049220
"Molothrus oryzivorus (Gmelin, 1788)",http://eol.org/pages/685808,685808
Caprimulgiformes,http://eol.org/pages/2921966,2921966
"Lithobates sylvaticus (LeConte, 1825)",http://eol.org/pages/4355401,4355401
"Cygnus columbianus (Ord, 1815)",http://eol.org/pages/913228,913228
Scolopacidae,http://eol.org/pages/7988,7988
"Pomoxis nigromaculatus (Lesueur, 1829)",http://eol.org/pages/225242,225242
Centrarchidae,http://eol.org/pages/5358,5358
"Anarhichas lupus Linnaeus, 1758",http://eol.org/pages/222376,222376
Lathyrus sativus,http://eol.org/pages/703183,703183
Colubridae,http://eol.org/pages/1722,1722
Cyclopteridae,http://eol.org/pages/5144,5144
Ostreoida,http://eol.org/pages/2244,2244
Echeneidae,http://eol.org/pages/5331,5331
Catostomus,http://eol.org/pages/17803,17803
balistes,http://eol.org/pages/24173,24173
"Dendrocygna autumnalis (Linnaeus, 1758)",http://eol.org/pages/914533,914533
Hydrobatidae,http://eol.org/pages/8003,8003
Oncorhynchus,http://eol.org/pages/24383,24383
Myliobatis,http://eol.org/pages/23943,23943
Scolopax minor Gmelin 1789,http://eol.org/pages/1049378,1049378
"Sula bassanus (Linnaeus, 1758)",http://eol.org/pages/1064974,1064974
"Eudocimus albus (Linnaeus, 1758)",http://eol.org/pages/914054,914054
Paralichthyidae,http://eol.org/pages/5174,5174
Bos indicus,http://eol.org/pages/10194521,10194521
Didelphidae,http://eol.org/pages/7622,7622
Drymobius,http://eol.org/pages/35489,35489
"Pulsatrix perspicillata (Latham, 1790)",http://eol.org/pages/1178320,1178320
"Dasyprocta punctata Gray, 1842",http://eol.org/pages/326578,326578
Lutjanidae,http://eol.org/pages/5294,5294
Giraffa,http://eol.org/pages/38813,38813
Anas crecca Linnaeus 1758,http://eol.org/pages/1048951,1048951
Sphyrapicus,http://eol.org/pages/34529,34529
"Pipilo erythrophthalmus (Linnaeus, 1758)",http://eol.org/pages/1052548,1052548
"Rhinoclemmys areolata DUMÉRIL, BIBRON & DUMÉRIL 1851",http://eol.org/pages/1055401,1055401
Moronidae,http://eol.org/pages/5288,5288
Dipsacales,http://eol.org/pages/4256,4256
"Haliaeetus leucocephalus (Linnaeus, 1766)",http://eol.org/pages/1049121,1049121
"Buteo platypterus (Vieillot, 1823)",http://eol.org/pages/1049084,1049084
"Calidris canutus (Linnaeus, 1758)",http://eol.org/pages/1049469,1049469
Serranidae,http://eol.org/pages/5206,5206
"Lynx rufus (Schreber, 1777)",http://eol.org/pages/328602,328602
"Aix sponsa (Linnaeus, 1758)",http://eol.org/pages/1048963,1048963
Spizella,http://eol.org/pages/34875,34875
Anguillidae,http://eol.org/pages/8295,8295
Varanidae,http://eol.org/pages/8115,8115
"Carduelis pinus (A. Wilson, 1810)",http://eol.org/pages/1051055,1051055
Sitta carolinensis Latham 1790,http://eol.org/pages/1050834,1050834
Cardinalis,http://eol.org/pages/19590,19590
"Tautoga onitis (Linnaeus, 1758)",http://eol.org/pages/204104,204104
Mergus serrator Linnaeus 1758,http://eol.org/pages/1049002,1049002
"Gadus morhua Linnaeus, 1758",http://eol.org/pages/206692,206692
Cracidae,http://eol.org/pages/7600,7600
Osmeriformes,http://eol.org/pages/5394,5394
Megalopidae,http://eol.org/pages/5511,5511
"Geotrygon montana (Linnaeus, 1758)",http://eol.org/pages/1047232,1047232
"Zonotrichia leucophrys (J. R. Forster, 1772)",http://eol.org/pages/1052728,1052728
Chelonia,http://eol.org/pages/19671,19671
Pachychilus indiorum,http://eol.org/pages/4930071,4930071
Ammoperdix,http://eol.org/pages/83308,83308
Lophiidae,http://eol.org/pages/5455,5455
"Junco hyemalis (Linnaeus, 1758)",http://eol.org/pages/1052968,1052968
Tautoga,http://eol.org/pages/24113,24113
Ambloplites,http://eol.org/pages/24704,24704
Paralichthys,http://eol.org/pages/23911,23911
Sphyraena,http://eol.org/pages/24821,24821
Gephyroberyx,http://eol.org/pages/24093,24093
Trachichthyidae,http://eol.org/pages/8235,8235
Buccinoidea,http://eol.org/pages/10301885,10301885
Zoarces,http://eol.org/pages/25787,25787
Phalacrocorax pygmeus,http://eol.org/pages/1049432,1049432
"Panthera pardus (Linnaeus, 1758)",http://eol.org/pages/328673,328673
"Dendroica striata (J. R. Forster, 1772)",http://eol.org/pages/918802,918802
"Menticirrhus saxatilis (Bloch and Schneider, 1801)",http://eol.org/pages/994840,994840
Oryzomys,http://eol.org/pages/34544,34544
Clupeidae,http://eol.org/pages/6893,6893
Martes martes,http://eol.org/pages/328020,328020
Anoura,http://eol.org/pages/42171,42171
Corvus corone,http://eol.org/pages/917348,917348
Hystricidae,http://eol.org/pages/8696,8696
Equus hydruntinus,http://eol.org/pages/4451944,4451944
"Cetacea (Dolphins, Porpoises, and Whales)",http://eol.org/pages/7649,7649
Anas fulvigula Ridgway 1874,http://eol.org/pages/914571,914571
Penelope purpurascens Wagler 1830,http://eol.org/pages/1050095,1050095
Galliformes,http://eol.org/pages/7589,7589
Gastropod,http://eol.org/pages/4946555,4946555
"Tautogolabrus adspersus (Walbaum, 1792)",http://eol.org/pages/204375,204375
Hexaplex,http://eol.org/pages/70858,70858
Canis,http://eol.org/pages/14460,14460
Plantae (Plants),http://eol.org/pages/281,281
Cervus nippon,http://eol.org/pages/328650,328650
"Sebastes flavidus (Ayres, 1862)",http://eol.org/pages/994489,994489
Anatinae,http://eol.org/pages/2822396,2822396
"Eptesicus fuscus (Beauvois, 1796)",http://eol.org/pages/327553,327553
Oleaceae,http://eol.org/pages/4426,4426
"Ursus arctos Linnaeus, 1758",http://eol.org/pages/328581,328581
"Eschrichtius robustus (Lilljeborg, 1861)",http://eol.org/pages/328569,328569
Gramineae (grasses),http://eol.org/pages/8223,8223
Cynoscion,http://eol.org/pages/17539,17539
Alosa,http://eol.org/pages/15579,15579
Salmoniformes,http://eol.org/pages/5157,5157
Threskiornithidae,http://eol.org/pages/7982,7982
Juncaceae,http://eol.org/pages/4076,4076
"Giraffa camelopardalis (Linnaeus, 1758)",http://eol.org/pages/308378,308378
"Dama mesopotamica (Brooke, 1875)",http://eol.org/pages/308402,308402
Teiidae,http://eol.org/pages/8110,8110
Cathartidae,http://eol.org/pages/2922049,2922049
Dasyproctidae,http://eol.org/pages/2849115,2849115
Dasypodidae,http://eol.org/pages/7630,7630
"Gavia immer (Brunnich, 1764)",http://eol.org/pages/1047329,1047329
"Aythya fuligula (Linnaeus, 1758)",http://eol.org/pages/1048974,1048974
"Zoarces americanus (Bloch and Schneider, 1801)",http://eol.org/pages/1015236,1015236
Venus verrucosa,http://eol.org/pages/440086,440086
Actitis,http://eol.org/pages/104358,104358
Rallus limicola Vieillot 1819,http://eol.org/pages/1049277,1049277
"Megalops atlanticus Valenciennes, 1847",http://eol.org/pages/339927,339927
"Pseudopleuronectes americanus (Walbaum, 1792)",http://eol.org/pages/220101,220101
"Seiurus noveboracensis (Gmelin, 1789)",http://eol.org/pages/1051309,1051309
"Panthera tigris (Linnaeus, 1758)",http://eol.org/pages/328674,328674
"Lepus californicus Gray, 1837",http://eol.org/pages/327965,327965
"Hemitripterus americanus (Gmelin, 1789)",http://eol.org/pages/208239,208239
"Pontinus longispinis Goode and Bean, 1896",http://eol.org/pages/211723,211723
Esociformes,http://eol.org/pages/5507,5507
Arcidae,http://eol.org/pages/2217,2217
Sittidae,http://eol.org/pages/1609,1609
(Unspecified) Vertebrates,http://eol.org/pages/2774383,2774383
"Tamiasciurus hudsonicus (Erxleben, 1777)",http://eol.org/pages/347433,347433
"Acipenser oxyrinchus Mitchill, 1815",http://eol.org/pages/357104,357104
"Canis lupus Linnaeus, 1758",http://eol.org/pages/328607,328607
Laridae,http://eol.org/pages/8001,8001
Aythya ferina,http://eol.org/pages/1048965,1048965
Arca,http://eol.org/pages/57953,57953
Agouti,http://eol.org/pages/14083,14083
Ophichthus,http://eol.org/pages/24522,24522
"Ammodytes americanus DeKay, 1842",http://eol.org/pages/206899,206899
"Acipenser brevirostrum Lesueur, 1818",http://eol.org/pages/206884,206884
"Synodus foetens (Linnaeus, 1766)",http://eol.org/pages/225007,225007
"Calamus bajonado (Bloch & Schneider, 1801)",http://eol.org/pages/213697,213697
Valerianella (cornsalad),http://eol.org/pages/59328,59328
Ardea herodias Linnaeus 1758,http://eol.org/pages/1048656,1048656
Polygalales,http://eol.org/pages/4276,4276
Testudinidae,http://eol.org/pages/8132,8132
Acanthocardia,http://eol.org/pages/57513,57513
"Carpodacus purpureus (Gmelin, 1789)",http://eol.org/pages/918159,918159
"Soricomorpha (Hedgehogs, Shrews, Moles and Others)",http://eol.org/pages/8711,8711
Sylvilagus,http://eol.org/pages/10818,10818
Heliotropium,http://eol.org/pages/38426,38426
Sheep/goat,http://eol.org/pages/32609438,32609438
Mytilidae,http://eol.org/pages/2235,2235
"Pluvialis squatarola (Linnaeus, 1758)",http://eol.org/pages/1049366,1049366
Puffinus,http://eol.org/pages/19697,19697
"Cyanocitta cristata (Linnaeus, 1758)",http://eol.org/pages/856046,856046
Tamias,http://eol.org/pages/34417,34417
"Coturnix coturnix (Linnaeus, 1758)",http://eol.org/pages/914847,914847
"Stenotomus chrysops (Linnaeus, 1766)",http://eol.org/pages/212966,212966
"Coccyzus americanus (Linnaeus, 1758)",http://eol.org/pages/915103,915103
"Scomberomorus cavalla (Cuvier, 1829)",http://eol.org/pages/205100,205100
"Lepomis macrochirus Rafinesque, 1819",http://eol.org/pages/207661,207661
"Pomatomus saltatrix (Linnaeus, 1766)",http://eol.org/pages/205264,205264
"Dorosoma cepedianum (Lesueur, 1818)",http://eol.org/pages/205147,205147
"Rastrelliger faughni Matsui, 1967",http://eol.org/pages/592581,592581
"Didelphis marsupialis Linnaeus, 1758",http://eol.org/pages/328504,328504
Sternotherus,http://eol.org/pages/39785,39785
Aluterus,http://eol.org/pages/24079,24079
"Dicentrarchus labrax (Linnaeus, 1758)",http://eol.org/pages/224729,224729
Grouse and Allies,http://eol.org/pages/7591,7591
Passerine,http://eol.org/pages/10597870,10597870
Tetraodontiformes,http://eol.org/pages/5052,5052
Anarhichas,http://eol.org/pages/28124,28124
"Anser anser (Linnaeus, 1758)",http://eol.org/pages/1047334,1047334
"Buteo jamaicensis (J. F. Gmelin, 1788)",http://eol.org/pages/1049057,1049057
"Sperata aor (Hamilton, 1822)",http://eol.org/pages/216875,216875
Nepenthales,http://eol.org/pages/4223,4223
Wilsonia,http://eol.org/pages/74232,74232
Lepidosauria,http://eol.org/pages/4658568,4658568
Cardiidae,http://eol.org/pages/2278,2278
Testudo hermanni,http://eol.org/pages/1055218,1055218
Onobrychis,http://eol.org/pages/13466,13466
Dicentrarchus,http://eol.org/pages/25842,25842
"Lama guanicoe (Müller, 1776)",http://eol.org/pages/309017,309017
"Didelphis virginiana Kerr, 1792",http://eol.org/pages/328501,328501
Oryctolagus,http://eol.org/pages/34698,34698
Zonotrichia,http://eol.org/pages/14194,14194
Animalia,http://eol.org/pages/1,1
Artiodactyla,http://eol.org/pages/7678,7678
peganum,http://eol.org/pages/70989,70989
Mytilus,http://eol.org/pages/57706,57706
Pisum sativum,http://eol.org/pages/703192,703192
"Equus hemionus Pallas, 1775",http://eol.org/pages/311507,311507
Cervus,http://eol.org/pages/34545,34545
Gastropoda,http://eol.org/pages/2366,2366
Helicolenus,http://eol.org/pages/25351,25351
Gourmya,http://eol.org/pages/4852969,4852969
Mauremys caspica,http://eol.org/pages/791491,791491
Mytilus galloprovincialis,http://eol.org/pages/449961,449961
"Lithobates pipiens (Schreber, 1782)",http://eol.org/pages/4355393,4355393
"Megascops asio (Linnaeus, 1758)",http://eol.org/pages/1025102,1025102
"Balistes capriscus Gmelin, 1789",http://eol.org/pages/225980,225980
Moxostoma,http://eol.org/pages/24206,24206
Pelecanus occidentalis Linnaeus 1766,http://eol.org/pages/1048599,1048599
Cerastoderma,http://eol.org/pages/50301,50301
"Limosa limosa (Linnaeus, 1758)",http://eol.org/pages/1049550,1049550
"Eumetopias jubatus (Schreber, 1776)",http://eol.org/pages/328617,328617
Stenotomus,http://eol.org/pages/26211,26211
"Sorex cinereus Kerr, 1792",http://eol.org/pages/115784,115784
"Gallus gallus (Linnaeus, 1758)",http://eol.org/pages/1049263,1049263
"Porzana carolina (Linnaeus, 1758)",http://eol.org/pages/1049278,1049278
"Passer domesticus (Linnaeus, 1758)",http://eol.org/pages/922241,922241
Nycticorax,http://eol.org/pages/78272,78272
"Dendroica coronata (Linnaeus, 1766)",http://eol.org/pages/918920,918920
"Tachycineta bicolor (Vieillot, 1808)",http://eol.org/pages/917605,917605
Anura,http://eol.org/pages/1553,1553
Otariidae,http://eol.org/pages/7667,7667
"Dendroica virens (Gmelin, 1789)",http://eol.org/pages/918649,918649
Helix,http://eol.org/pages/57691,57691
Falco columbarius Linnaeus 1758,http://eol.org/pages/1049166,1049166
Cerithiidae (Fleming 1822),http://eol.org/pages/2487,2487
Sturnus,http://eol.org/pages/34816,34816
Tringa,http://eol.org/pages/20107,20107
"Chilomycterus schoepfii (Walbaum, 1792)",http://eol.org/pages/355955,355955
"Cetorhinus maximus (Gunnerus, 1765)",http://eol.org/pages/225080,225080
Bovidae,http://eol.org/pages/7687,7687
Sterna,http://eol.org/pages/4927732,4927732
Venus,http://eol.org/pages/56989,56989
Leptotila,http://eol.org/pages/18480,18480
"Panthera onca (Linnaeus, 1758)",http://eol.org/pages/328606,328606
Lynx lynx,http://eol.org/pages/328603,328603
"Ursus arctos californicus Merriam, 1896",http://eol.org/pages/1267908,1267908
"Sekeetamys calurus (Thomas, 1892)",http://eol.org/pages/1179774,1179774
"Lamniformes Garman, 1885",http://eol.org/pages/1874,1874
"Channa argus (Cantor, 1842)",http://eol.org/pages/204003,204003
Cynoglossus,http://eol.org/pages/24062,24062
"Alosa mediocris (Mitchill, 1814)",http://eol.org/pages/343495,343495
Anas penelope Linnaeus 1758,http://eol.org/pages/1048955,1048955
"Lutjanus campechanus (Poey, 1860)",http://eol.org/pages/216388,216388
"Alectoris graeca (Meisner, 1804)",http://eol.org/pages/1047260,1047260
Fratercula,http://eol.org/pages/84465,84465
"Gephyroberyx darwinii (Johnson, 1866)",http://eol.org/pages/204091,204091
"Oryctolagus cuniculus (Linnaeus, 1758)",http://eol.org/pages/327977,327977
Esox,http://eol.org/pages/25461,25461
"Passerella iliaca (Merrem, 1786)",http://eol.org/pages/922653,922653
Sturnus vulgaris Linnaeus 1758,http://eol.org/pages/922253,922253
"Helicolenus dactylopterus (Delaroche, 1809)",http://eol.org/pages/581139,581139
"Mustela vison Schreber, 1777",http://eol.org/pages/8821898,8821898
"Dumetella carolinensis (Linnaeus, 1766)",http://eol.org/pages/1050707,1050707
Didelphis,http://eol.org/pages/34779,34779
Bombycilla cedrorum Vieillot 1808,http://eol.org/pages/1050637,1050637
Piciformes,http://eol.org/pages/1592,1592
Ammodytes,http://eol.org/pages/24549,24549
Ficus,http://eol.org/pages/60627,60627
Spalax,http://eol.org/pages/111274,111274
Anas rubripes Brewster 1902,http://eol.org/pages/914551,914551
"Tamias striatus (Linnaeus, 1758)",http://eol.org/pages/311526,311526
Larus Linnaeus 1758,http://eol.org/pages/19933,19933
"Perca flavescens (Mitchill, 1814)",http://eol.org/pages/205259,205259
Chelydra serpentina LINNAEUS 1758,http://eol.org/pages/795409,795409
Columba livia Gmelin 1789,http://eol.org/pages/1050069,1050069
Passeridae,http://eol.org/pages/1627,1627
Helix lucorum Linnaeus 1758,http://eol.org/pages/4900516,4900516
"Oceanodroma leucorhoa (Vieillot, 1818)",http://eol.org/pages/1048500,1048500
"Anser fabalis (Latham, 1787)",http://eol.org/pages/1048449,1048449
Carcharhinidae,http://eol.org/pages/1901,1901
Hominidae,http://eol.org/pages/1653,1653
Paridae,http://eol.org/pages/1629,1629
"Gazella gazella (Pallas, 1766)",http://eol.org/pages/129512,129512
Coraciiformes,http://eol.org/pages/7602,7602
Pomatomidae,http://eol.org/pages/5258,5258
Sceloporus,http://eol.org/pages/19576,19576
Acipenseridae,http://eol.org/pages/8302,8302
"Bubalus bubalis (Linnaeus, 1758)",http://eol.org/pages/311907,311907
Arvicola,http://eol.org/pages/111244,111244
Ranunculaceae,http://eol.org/pages/4377,4377
"Fratercula arctica (Linnaeus, 1758)",http://eol.org/pages/1049938,1049938
"Pluvialis dominica (Muller, 1776)",http://eol.org/pages/1049365,1049365
Clemmys,http://eol.org/pages/35255,35255
Rosales,http://eol.org/pages/4385,4385
"Zenaida macroura (Linnaeus, 1758)",http://eol.org/pages/1050134,1050134
"Kinosternon baurii Garman, 1891",http://eol.org/pages/793012,793012
Odocoileus,http://eol.org/pages/34547,34547
Erinaceomorpha,http://eol.org/pages/1692,1692
"Lasiurus borealis (Müller, 1776)",http://eol.org/pages/327563,327563
Embiotoca,http://eol.org/pages/24978,24978
Cheloniidae,http://eol.org/pages/8123,8123
"Osmerus mordax (Mitchill, 1814)",http://eol.org/pages/357054,357054
"Menticirrhus americanus (Linnaeus, 1758)",http://eol.org/pages/994838,994838
Ovis orientalis,http://eol.org/pages/11021638,11021638
Accipiter,http://eol.org/pages/18924,18924
Ursidae,http://eol.org/pages/7664,7664
"Odocoileus hemionus (Rafinesque, 1817)",http://eol.org/pages/328651,328651
"Hylocichla mustelina (J. F. Gmelin, 1789)",http://eol.org/pages/1177531,1177531
Hordeum vulgare,http://eol.org/pages/1114455,1114455
Sus scrofa domesticus,http://eol.org/pages/4445655,4445655
"Kinosternon subrubrum (Bonnaterre, 1789)",http://eol.org/pages/791770,791770
Spilotes,http://eol.org/pages/35520,35520
"Mephitis mephitis (Schreber, 1776)",http://eol.org/pages/328593,328593
"Archilochus colubris (Linnaeus, 1758)",http://eol.org/pages/916798,916798
"Pristigenys alta (Gill, 1862)",http://eol.org/pages/216946,216946
Alca torda Linnaeus 1758,http://eol.org/pages/1049760,1049760
"Conger oceanicus (Mitchill, 1818)",http://eol.org/pages/216581,216581
"Melopsittacus undulatus (Shaw, 1805)",http://eol.org/pages/914969,914969
"Botaurus lentiginosus (Rackett, 1813)",http://eol.org/pages/1048011,1048011
"Aegolius acadicus (Gmelin, 1788)",http://eol.org/pages/915740,915740
Anas strepera Linnaeus 1758,http://eol.org/pages/912807,912807
"Lates niloticus (Linnaeus, 1758)",http://eol.org/pages/204767,204767
"Meles meles (Linnaeus, 1758)",http://eol.org/pages/328046,328046
Ardea cinerea,http://eol.org/pages/1048664,1048664
"Egretta thula (Molina, 1782)",http://eol.org/pages/1048667,1048667
"Herpestes javanicus (É. Geoffroy Saint-Hilaire, 1818)",http://eol.org/pages/311956,311956
"Paralichthys dentatus (Linnaeus, 1766)",http://eol.org/pages/204043,204043
Felis silvestris Schreber 1777,http://eol.org/pages/328605,328605
Larus delawarensis Ord 1815,http://eol.org/pages/1049583,1049583
"Gavia stellata (Pontoppidan, 1763)",http://eol.org/pages/1047332,1047332
"Chaetura pelagica (Linnaeus, 1758)",http://eol.org/pages/915860,915860
lynx,http://eol.org/pages/18767,18767
"Polymixia lowei Günther, 1859",http://eol.org/pages/208578,208578
Ziziphus (jujubes),http://eol.org/pages/59534,59534
Triticum monococcum,http://eol.org/pages/1115242,1115242
Tamiasciurus,http://eol.org/pages/33847,33847
"Bubo virginianus (Gmelin, 1788)",http://eol.org/pages/914958,914958
"Brosme brosme (Ascanius, 1772)",http://eol.org/pages/205187,205187
Cuculidae,http://eol.org/pages/7598,7598
Ciconiiformes,http://eol.org/pages/7981,7981
Peganum harmala,http://eol.org/pages/581852,581852
Rupicapra rupicapra,http://eol.org/pages/331073,331073
"Sander vitreus (Mitchill, 1818)",http://eol.org/pages/211303,211303
"Uria aalge (Pontoppidan, 1763)",http://eol.org/pages/1049761,1049761
Meles,http://eol.org/pages/35940,35940
Phycidae,http://eol.org/pages/5497,5497
Thalasseus,http://eol.org/pages/2869285,2869285
"Corvus brachyrhynchos Brehm, 1822",http://eol.org/pages/1177464,1177464
"Macaca fascicularis (Raffles, 1821)",http://eol.org/pages/327959,327959
"Dendroica fusca (Statius Muller, 1776)",http://eol.org/pages/913186,913186
Ovis,http://eol.org/pages/39510,39510
"Peprilus triacanthus (Peck, 1804)",http://eol.org/pages/215092,215092
Varanus,http://eol.org/pages/11007261,11007261
Meleagris,http://eol.org/pages/18523,18523
"Apalone ferox (Schneider, 1783)",http://eol.org/pages/42338583,42338583
"Dasypus novemcinctus Linnaeus, 1758",http://eol.org/pages/328482,328482
Struthioniformes,http://eol.org/pages/8662,8662
"Esox lucius Linnaeus, 1758",http://eol.org/pages/206652,206652
"Urophycis regia (Walbaum, 1792)",http://eol.org/pages/206060,206060
"Colaptes auratus cafer (Gmelin, 1788)",http://eol.org/pages/1241454,1241454
"Catharus minimus (Lafresnaye, 1848)",http://eol.org/pages/1177538,1177538
"Halichoerus grypus (Fabricius, 1791)",http://eol.org/pages/328630,328630
Corvus frugilegus,http://eol.org/pages/916409,916409
Adonis (pheasant's eye),http://eol.org/pages/72687,72687
"Sylvilagus floridanus (J. A. Allen, 1890)",http://eol.org/pages/976910,976910
"Clupea harengus Linnaeus, 1758",http://eol.org/pages/847095,847095
Columba,http://eol.org/pages/19149,19149
"Scardinius erythrophthalmus (Linnaeus, 1758)",http://eol.org/pages/222141,222141
"Micrometrus minimus (Gibbons, 1854)",http://eol.org/pages/205841,205841
Peromyscus,http://eol.org/pages/14119,14119
"Prionotus evolans (Linnaeus, 1766)",http://eol.org/pages/205776,205776
Tadorna,http://eol.org/pages/20141,20141
Atheriniformes,http://eol.org/pages/8268,8268
Rhamdia,http://eol.org/pages/24775,24775
Quiscalus,http://eol.org/pages/13965,13965
"Bassariscus astutus (Lichtenstein, 1830)",http://eol.org/pages/328599,328599
"Brotogeris jugularis (Statius Muller, 1776)",http://eol.org/pages/1178019,1178019
Buteogallus,http://eol.org/pages/18891,18891
"Buteogallus anthracinus (Deppe, 1830)",http://eol.org/pages/1049112,1049112
Actinopterygii,http://eol.org/pages/1905,1905
"Sciurus carolinensis Gmelin, 1788",http://eol.org/pages/347685,347685
Myliobatis californicus,http://eol.org/pages/11115795,11115795
Bufonidae,http://eol.org/pages/1556,1556
Gaviidae,http://eol.org/pages/8005,8005
"Lontra canadensis (Schreber, 1777)",http://eol.org/pages/328584,328584
Lepus capensis,http://eol.org/pages/327967,327967
"Podiceps grisegena (Boddaert, 1783)",http://eol.org/pages/1047338,1047338
Alcedinidae,http://eol.org/pages/7975,7975
"Merluccius bilinearis (Mitchill, 1814)",http://eol.org/pages/205098,205098
Zenaida,http://eol.org/pages/18574,18574
"Camelus bactrianus Linnaeus, 1758",http://eol.org/pages/344581,344581
"Ambloplites rupestris (Rafinesque, 1817)",http://eol.org/pages/205064,205064
"Patella caerulea Linnaeus, 1758",http://eol.org/pages/4792799,4792799
"Ammoperdix heyi (Temminck, 1825)",http://eol.org/pages/1047278,1047278
"Athene cunicularia (Molina, 1782)",http://eol.org/pages/1045997,1045997
"Nomonyx dominicus (Linnaeus, 1766)",http://eol.org/pages/1178479,1178479
Bombycilla,http://eol.org/pages/10976,10976
"Selene setapinnis (Mitchill, 1815)",http://eol.org/pages/204547,204547
Mammalia,http://eol.org/pages/1642,1642
Centropomus,http://eol.org/pages/24746,24746
"Ciccaba virgata (Cassin, 1849)",http://eol.org/pages/1178572,1178572
"Camelus dromedarius Linnaeus, 1758",http://eol.org/pages/309019,309019
Ranunculales,http://eol.org/pages/4346,4346
"Potamidae Ortmann, 1896",http://eol.org/pages/7196,7196
"Icterus galbula (Linnaeus, 1758)",http://eol.org/pages/1052046,1052046
"Micropterus salmoides (Lacepède, 1802)",http://eol.org/pages/223475,223475
Arthropod,http://eol.org/pages/164,164
Anserinae,http://eol.org/pages/2822279,2822279
Silene,http://eol.org/pages/37656,37656
Tursiops,http://eol.org/pages/15602,15602
"Buteo lineatus (J. F. Gmelin, 1788)",http://eol.org/pages/1049068,1049068
Coturnix,http://eol.org/pages/14299,14299
Ardea,http://eol.org/pages/19862,19862
Gazella,http://eol.org/pages/15584,15584
Lepus europaeus,http://eol.org/pages/118009,118009
Glaucidium,http://eol.org/pages/19415,19415
"Colaptes auratus (Linnaeus, 1758)",http://eol.org/pages/917151,917151
"Esox niger Lesueur, 1818",http://eol.org/pages/223146,223146
"Ciconia ciconia (Linnaeus, 1758)",http://eol.org/pages/1049144,1049144
"Leucophaeus atricilla (Linnaeus, 1758)",http://eol.org/pages/1049596,1049596
"Ovis aries Linnaeus, 1758",http://eol.org/pages/311906,311906
"Accipiter cooperii (Bonaparte, 1828)",http://eol.org/pages/1049046,1049046
Sterna albifrons Pallas 1764,http://eol.org/pages/1049714,1049714
Mollusca,http://eol.org/pages/2195,2195
Erinaceus,http://eol.org/pages/14833,14833
Spermophilus citellus,http://eol.org/pages/1041051,1041051
"Bonasa umbellus (Linnaeus, 1766)",http://eol.org/pages/1049175,1049175
Rajiformes,http://eol.org/pages/1858,1858
Ophidion,http://eol.org/pages/24218,24218
"Lepophidium jeannae Fowler, 1941",http://eol.org/pages/207668,207668
Suliformes,http://eol.org/pages/20235652,20235652
"Myoxocephalus octodecemspinosus (Mitchill, 1814)",http://eol.org/pages/204298,204298
"Anguilla rostrata (Lesueur, 1817)",http://eol.org/pages/203862,203862
Fabaceae (beans),http://eol.org/pages/4277,4277
Pelecanus,http://eol.org/pages/78246,78246
"Priacanthus arenatus Cuvier, 1829",http://eol.org/pages/222436,222436
Sterna maxima Boddaert 1783,http://eol.org/pages/15563578,15563578
"Amia calva Linnaeus, 1766",http://eol.org/pages/223782,223782
"Atractosteus tropicus Gill, 1863",http://eol.org/pages/620843,620843
Spondylus,http://eol.org/pages/57938,57938
Zeiformes,http://eol.org/pages/1906,1906
Rodentia,http://eol.org/pages/8677,8677
Botaurus,http://eol.org/pages/104221,104221
Bos,http://eol.org/pages/34548,34548
Emydidae,http://eol.org/pages/8127,8127
Leporidae,http://eol.org/pages/1689,1689
Sula nebouxii Milne-Edwards 1882,http://eol.org/pages/1048610,1048610
Fregatidae,http://eol.org/pages/8006,8006
Strigidae,http://eol.org/pages/8660,8660
Pelecaniformes,http://eol.org/pages/2918020,2918020
Cingulata,http://eol.org/pages/7629,7629
"Metatheria Huxley, 1880",http://eol.org/pages/2844108,2844108
Suliformes,http://eol.org/pages/18692669,18692669
Oporornis,http://eol.org/pages/104589,104589
Scomber,http://eol.org/pages/24776,24776
Sebastidae,http://eol.org/pages/5125,5125
Labridae,http://eol.org/pages/5305,5305
Malacanthidae,http://eol.org/pages/5292,5292
Gerbillus,http://eol.org/pages/111264,111264
Falconiformes,http://eol.org/pages/2869903,2869903
Meleagris gallopavo Linnaeus 1758,http://eol.org/pages/1049266,1049266
"Ondatra zibethicus (Linnaeus, 1766)",http://eol.org/pages/313678,313678
"Squamata Oppel, 1811",http://eol.org/pages/1704,1704
"Aythya affinis (Eyton, 1838)",http://eol.org/pages/1048973,1048973
Carex (sedges),http://eol.org/pages/29129,29129
Rhamnaceae,http://eol.org/pages/4381,4381
Cyanocitta,http://eol.org/pages/87376,87376
Arcoidea,http://eol.org/pages/9104742,9104742
Caprinae,http://eol.org/pages/2851411,2851411
"Onychomys leucogaster (Wied-Neuwied, 1841)",http://eol.org/pages/328463,328463
Dromaiidae,http://eol.org/pages/8665,8665
"Aythya collaris (Donovan, 1809)",http://eol.org/pages/1048966,1048966
Sorex,http://eol.org/pages/10807,10807
Vicia ervilia,http://eol.org/pages/703201,703201
Geomyidae,http://eol.org/pages/8692,8692
"Erethizon dorsatum (Linnaeus, 1758)",http://eol.org/pages/328469,328469
Centropristis,http://eol.org/pages/24688,24688
Cygnus olor (Gmelin 1789),http://eol.org/pages/913227,913227
Caprimulgus,http://eol.org/pages/13986,13986
Peristedion,http://eol.org/pages/24025,24025
Hippoglossoides propinquus,http://eol.org/pages/25485,25485
Phalacrocoracidae,http://eol.org/pages/7996,7996
Hemitripterus,http://eol.org/pages/25886,25886
"Psarocolius decumanus (Pallas, 1769)",http://eol.org/pages/1050898,1050898
Channidae,http://eol.org/pages/5349,5349
Limanda asprella,http://eol.org/pages/24508,24508
Lutjanus,http://eol.org/pages/24008,24008
Japonoconger proriger,http://eol.org/pages/23898,23898
Muricidae,http://eol.org/pages/2461,2461
Rangifer,http://eol.org/pages/34546,34546
Penelope,http://eol.org/pages/18947,18947
Myoxocephalus,http://eol.org/pages/13046,13046
Anarhichadidae,http://eol.org/pages/5379,5379
Macaca,http://eol.org/pages/41559,41559
Erethizon,http://eol.org/pages/42349,42349
Hirundinidae,http://eol.org/pages/7544,7544
Liliopsida,http://eol.org/pages/4074,4074
Sepia officinalis,http://eol.org/pages/448836,448836
Pleuronectidae,http://eol.org/pages/5173,5173
"Chordeiles minor (J. R. Forster, 1771)",http://eol.org/pages/915489,915489
"Coccyzus minor (Gmelin, 1788)",http://eol.org/pages/915102,915102
Mactroidea,http://eol.org/pages/2577985,2577985
"Columbina talpacoti (Temminck, 1810)",http://eol.org/pages/914637,914637
"Coragyps atratus (Bechstein, 1793)",http://eol.org/pages/1049011,1049011
"Crocodylus acutus Cuvier, 1807",http://eol.org/pages/1056415,1056415
"Lutjanus apodus (Walbaum, 1792)",http://eol.org/pages/357078,357078
"Megarynchus pitangua (Linnaeus, 1766)",http://eol.org/pages/1053187,1053187
"Megascops choliba (Vieillot, 1817)",http://eol.org/pages/1025097,1025097
Mycteria americana Linnaeus 1758,http://eol.org/pages/1048013,1048013
"Salmo salar Linnaeus, 1758",http://eol.org/pages/206776,206776
Numenius americanus Bechstein 1812,http://eol.org/pages/1049388,1049388
"Nyctanassa violacea (Linnaeus, 1758)",http://eol.org/pages/1048733,1048733
"Nyctidromus albicollis (Gmelin, 1789)",http://eol.org/pages/915486,915486
Testudines,http://eol.org/pages/8120,8120
Sphyraenidae,http://eol.org/pages/5202,5202
Pomoxis,http://eol.org/pages/27527,27527
"Patelloidea Rafinesque, 1815",http://eol.org/pages/2567727,2567727
Piranga,http://eol.org/pages/15192,15192
Bovinae,http://eol.org/pages/2851454,2851454
Dorosoma,http://eol.org/pages/24165,24165
Cypriniformes,http://eol.org/pages/3194,3194
Capra,http://eol.org/pages/42403,42403
Urocyon cinereoargentus,http://eol.org/pages/29688758,29688758
Ardeidae,http://eol.org/pages/8013,8013
Setophaga,http://eol.org/pages/38127,38127
Ciconiidae,http://eol.org/pages/8009,8009
Kinosternon,http://eol.org/pages/13805,13805
Lampropeltis,http://eol.org/pages/17021,17021
Mustela nivalis,http://eol.org/pages/328586,328586
Muridae,http://eol.org/pages/8698,8698
Stylommatophora,http://eol.org/pages/2626,2626
"Sylvilagus palustris (Bachman, 1837)",http://eol.org/pages/115738,115738
Buteo,http://eol.org/pages/20182,20182
Unio,http://eol.org/pages/2979542,2979542
Vitaceae,http://eol.org/pages/4382,4382
Cottidae,http://eol.org/pages/5146,5146
"Ondatra Link, 1795",http://eol.org/pages/34613,34613
Salmonidae,http://eol.org/pages/5158,5158
Mesocricetus,http://eol.org/pages/111222,111222
"Setophaga ruticilla (Linnaeus, 1758)",http://eol.org/pages/1051399,1051399
Corvus corax Linnaeus 1758,http://eol.org/pages/1177364,1177364
Otis tarda,http://eol.org/pages/915364,915364
Sebastes,http://eol.org/pages/23853,23853
Osteichthyes,http://eol.org/pages/2775704,2775704
Ara,http://eol.org/pages/33888,33888
Eudocimus,http://eol.org/pages/38347,38347
Tayassuidae (Peccaries),http://eol.org/pages/7680,7680
Polymixia,http://eol.org/pages/25969,25969
Pectinoidea,http://eol.org/pages/4743885,4743885
"Urophycis chuss (Walbaum, 1792)",http://eol.org/pages/210307,210307
"Urocyon cinereoargenteus (Schreber, 1775)",http://eol.org/pages/328611,328611
"Martes pennanti (Erxleben, 1777)",http://eol.org/pages/328592,328592
"Unionoidea Rafinesque, 1820",http://eol.org/pages/4752889,4752889
Lepidosireniformes,http://eol.org/pages/8914,8914
"Tayassu pecari (Link, 1795)",http://eol.org/pages/357663,357663
Panthera,http://eol.org/pages/14134,14134
Sapindales,http://eol.org/pages/4311,4311
Lagenorhynchus,http://eol.org/pages/15591,15591
Lasiurus,http://eol.org/pages/34611,34611
Magnoliidae Novák ex Takht.,http://eol.org/pages/283,283
Scorpaenidae,http://eol.org/pages/5126,5126
Ungulata,http://eol.org/pages/4530122,4530122
Otus,http://eol.org/pages/19927,19927
Antilocapridae,http://eol.org/pages/7688,7688
Not assigned,http://eol.org/pages/2206,2206
Procyon,http://eol.org/pages/18666,18666
lontra,http://eol.org/pages/35935,35935
caracal,http://eol.org/pages/35822,35822
Tracheophyta,http://eol.org/pages/4077,4077
Eschrichtius,http://eol.org/pages/42377,42377
"Potos flavus (Schreber, 1774)",http://eol.org/pages/328067,328067
Aplodinotus,http://eol.org/pages/99403,99403
"Pionus menstruus (Linnaeus, 1766)",http://eol.org/pages/1178041,1178041
Rubiaceae,http://eol.org/pages/4202,4202
"Melospiza melodia (A. Wilson, 1810)",http://eol.org/pages/1052763,1052763
"Molothrus ater (Boddaert, 1783)",http://eol.org/pages/1052060,1052060
Zeidae,http://eol.org/pages/1908,1908
Onychomys,http://eol.org/pages/42347,42347
"Capra ibex Linnaeus, 1758",http://eol.org/pages/328692,328692
"Homo sapiens Linnaeus, 1758",http://eol.org/pages/327955,327955
"Pomacea flagellata (Say, 1827)",http://eol.org/pages/4801435,4801435
"Echinodermata Bruguière, 1791 [ex Klein, 1734]",http://eol.org/pages/1926,1926
Testudo graeca,http://eol.org/pages/1055221,1055221
Catostomidae,http://eol.org/pages/3196,3196
Melospiza,http://eol.org/pages/15838,15838
Micropterus,http://eol.org/pages/25075,25075
Thamnophis,http://eol.org/pages/32426,32426
Lutra lutra,http://eol.org/pages/328044,328044
Anseriformes,http://eol.org/pages/8024,8024
Salmo,http://eol.org/pages/17448,17448
Gaviiformes,http://eol.org/pages/2923425,2923425
Ophidiiformes,http://eol.org/pages/5408,5408
Centriscidae,http://eol.org/pages/5067,5067
Embiotocidae,http://eol.org/pages/5327,5327
Zenopsis,http://eol.org/pages/27969,27969
"Sturnella magna (Linnaeus, 1758)",http://eol.org/pages/1051994,1051994
"Sula leucogaster (Boddaert, 1783)",http://eol.org/pages/1048611,1048611
Gallus,http://eol.org/pages/28121,28121
"Clethrionomys gapperi (Vigors, 1830)",http://eol.org/pages/1037786,1037786
Lathyrus,http://eol.org/pages/27793,27793
"Felis catus Linnaeus, 1758",http://eol.org/pages/1037781,1037781
"Porphyrio martinica (Linnaeus, 1766)",http://eol.org/pages/264284,264284
Fringillidae,http://eol.org/pages/7548,7548
"Agelaius phoeniceus (Linnaeus, 1766)",http://eol.org/pages/1052017,1052017
Erinaceus europaeus,http://eol.org/pages/1178684,1178684
Sarda,http://eol.org/pages/13109,13109
"Pitangus sulphuratus (Linnaeus, 1766)",http://eol.org/pages/916841,916841
Lotidae,http://eol.org/pages/5504,5504
"Crocodylus Laurenti, 1768",http://eol.org/pages/39476,39476
"Spizella arborea (A. Wilson, 1810)",http://eol.org/pages/1053001,1053001
Picidae,http://eol.org/pages/1595,1595
Sauria,http://eol.org/pages/3101501,3101501
"Puma concolor (Linnaeus, 1771)",http://eol.org/pages/311910,311910
Ostrea edulis,http://eol.org/pages/449502,449502
Sus scrofa domesticus,http://eol.org/pages/4445650,4445650
"Canis aureus Linnaeus, 1758",http://eol.org/pages/328681,328681
Capreolus,http://eol.org/pages/15610,15610
Turdus migratorius Linnaeus 1766,http://eol.org/pages/1177506,1177506
Vitis vinifera,http://eol.org/pages/582304,582304
"Cyprinus carpio Linnaeus, 1758",http://eol.org/pages/985921,985921
Terrapene carolina LINNAEUS 1758,http://eol.org/pages/1055222,1055222
Mustela,http://eol.org/pages/14116,14116
Tapes,http://eol.org/pages/50253,50253
Equus,http://eol.org/pages/15580,15580
"Asio flammeus (Pontoppidan, 1763)",http://eol.org/pages/915736,915736
Martes,http://eol.org/pages/34549,34549
Echeneis,http://eol.org/pages/24974,24974
Erethizontidae,http://eol.org/pages/8691,8691
"Bos taurus Linnaeus, 1758",http://eol.org/pages/328699,328699
"Spermophilus lateralis (Say, 1823)",http://eol.org/pages/328006,328006
Tachybaptus,http://eol.org/pages/82563,82563
Pipilo,http://eol.org/pages/34479,34479
Hordeum,http://eol.org/pages/108088,108088
"Ara macao (Linnaeus, 1758)",http://eol.org/pages/1177962,1177962
Amphibia,http://eol.org/pages/1552,1552
Hemiechinus,http://eol.org/pages/34867,34867
Ostrea,http://eol.org/pages/57644,57644
Fulica,http://eol.org/pages/83299,83299
"Semotilus corporalis (Mitchill, 1817)",http://eol.org/pages/205328,205328
Charadriiformes,http://eol.org/pages/2917972,2917972
"Columbina minuta (Linnaeus, 1766)",http://eol.org/pages/1049734,1049734
Crax rubra Linnaeus 1758,http://eol.org/pages/1050109,1050109
Papio,http://eol.org/pages/15084,15084
Sparidae,http://eol.org/pages/5203,5203
Chitra,http://eol.org/pages/35714,35714
Caprimulgidae,http://eol.org/pages/7971,7971
Buccinidae,http://eol.org/pages/2448,2448
Columbiformes,http://eol.org/pages/7976,7976
"Colinus cristatus (Linnaeus, 1766)",http://eol.org/pages/1047228,1047228
Patella,http://eol.org/pages/52266,52266
"Patagioenas cayennensis (Bonnaterre, 1792)",http://eol.org/pages/1064949,1064949
Malvaceae,http://eol.org/pages/4323,4323
Sula dactylatra Lesson 1831,http://eol.org/pages/1048601,1048601
Crotophaga sulcirostris Swainson 1827,http://eol.org/pages/915437,915437
Gruidae,http://eol.org/pages/7586,7586
Mauremys,http://eol.org/pages/32263,32263
Epinephelus,http://eol.org/pages/24209,24209
Carangidae,http://eol.org/pages/5361,5361
Dama,http://eol.org/pages/38816,38816
Aratinga,http://eol.org/pages/18513,18513
Hemitripteridae,http://eol.org/pages/5139,5139
Ursus,http://eol.org/pages/14349,14349
Colaptes,http://eol.org/pages/18843,18843
"Quiscalus mexicanus (Gmelin, 1788)",http://eol.org/pages/1052058,1052058
"Primates Linnaeus, 1758",http://eol.org/pages/42410182,42410182
Nyctanassa,http://eol.org/pages/78273,78273
Falco Linnaeus 1758,http://eol.org/pages/19166,19166
"Peromyscus eremicus (Baird, 1858)",http://eol.org/pages/1037778,1037778
"Caranx hippos (Linnaeus, 1766)",http://eol.org/pages/2794986,2794986
Echinoidea,http://eol.org/pages/1971,1971
"Limanda ferruginea (Storer, 1839)",http://eol.org/pages/205418,205418
Oceanodroma,http://eol.org/pages/20434,20434
"Oncorhynchus mykiss (Walbaum, 1792)",http://eol.org/pages/205250,205250
"Testudo Linnaeus, 1758",http://eol.org/pages/35259,35259
Kinosternidae,http://eol.org/pages/8129,8129
Equus,http://eol.org/pages/11018612,11018612
Alle,http://eol.org/pages/20223,20223
"Lagenorhynchus acutus (Gray, 1828)",http://eol.org/pages/317315,317315
"Lopholatilus chamaeleonticeps Goode and Bean, 1879",http://eol.org/pages/206729,206729
"Notemigonus crysoleucas (Mitchill, 1814)",http://eol.org/pages/205245,205245
"Muricoidea Rafinesque, 1815",http://eol.org/pages/4846903,4846903
Phoenix dactylifera L.,http://eol.org/pages/1135088,1135088
"Vormela peregusna (Guldenstadt, 1770)",http://eol.org/pages/328043,328043
"Petenia splendida Günther, 1862",http://eol.org/pages/571513,571513
"Trachemys scripta (Thunberg in Schoepff, 1792)",http://eol.org/pages/790439,790439
Struthionidae,http://eol.org/pages/8667,8667
Agelaius,http://eol.org/pages/23263,23263
Cetorhinus,http://eol.org/pages/28495,28495
Polymixiiformes,http://eol.org/pages/5166,5166
Corvus monedula,http://eol.org/pages/1177485,1177485
Scomberomorus,http://eol.org/pages/24721,24721
"Onychoprion fuscatus (Linnaeus, 1766)",http://eol.org/pages/1049685,1049685
Urophycis,http://eol.org/pages/25222,25222
Ameiurus,http://eol.org/pages/24532,24532
Tachycineta,http://eol.org/pages/80213,80213
Patellidae,http://eol.org/pages/2385,2385
Parulidae,http://eol.org/pages/1628,1628
Megascops,http://eol.org/pages/14441,14441
Triticum dicoccon (Schrank) Schübl.,http://eol.org/pages/1114086,1114086
Lens culinaris Medik.,http://eol.org/pages/647510,647510
Lithospermum tenuiflorum L. fil.,http://eol.org/pages/5352709,5352709
Bonasa,http://eol.org/pages/35864,35864
Caproidae,http://eol.org/pages/5362,5362
Lucinidae,http://eol.org/pages/2293,2293
Clariidae,http://eol.org/pages/5106,5106
Carduelis,http://eol.org/pages/13736,13736
Egretta,http://eol.org/pages/19868,19868
Spermophilus,http://eol.org/pages/15104,15104
Papaveraceae,http://eol.org/pages/4348,4348
Talpidae,http://eol.org/pages/8715,8715
Rajidae,http://eol.org/pages/8885,8885
Falco deiroleucus Temminck 1825,http://eol.org/pages/1049193,1049193
Coccyzus,http://eol.org/pages/92678,92678
Psittaciformes,http://eol.org/pages/1590,1590
Chaetura,http://eol.org/pages/18488,18488
Menticirrhus,http://eol.org/pages/25337,25337
"Tringa solitaria A. Wilson, 1813",http://eol.org/pages/1049420,1049420
Megalops,http://eol.org/pages/23987,23987
"Tyto alba (Scopoli, 1769)",http://eol.org/pages/914939,914939
"Egretta caerulea (Linnaeus, 1758)",http://eol.org/pages/1048711,1048711
Eschrichtiidae,http://eol.org/pages/7658,7658
Barbatia,http://eol.org/pages/57732,57732
Congridae,http://eol.org/pages/8292,8292
Microtus,http://eol.org/pages/34264,34264
Crustacea,http://eol.org/pages/2598871,2598871
Sauria,http://eol.org/pages/3101501/,3101501
Blarina,http://eol.org/pages/28280,28280
"Phalaropus lobatus (Linnaeus, 1758)",http://eol.org/pages/1049565,1049565
"Catharus ustulatus (Nuttall, 1840)",http://eol.org/pages/1177537,1177537
"Perissodactyla (Horses, Rhinoceroses, and Tapirs)",http://eol.org/pages/1667,1667
"Aratinga pertinax (Linnaeus, 1758)",http://eol.org/pages/915944,915944
Ardea alba Linnaeus 1758,http://eol.org/pages/1178488,1178488
"Sphyraena borealis DeKay, 1842",http://eol.org/pages/209691,209691
Crotophaga,http://eol.org/pages/79941,79941
Caranx,http://eol.org/pages/24016,24016
Gadidae,http://eol.org/pages/5503,5503
Beloniformes,http://eol.org/pages/8242,8242
Unionoida,http://eol.org/pages/2272,2272
Polychrotidae,http://eol.org/pages/8106,8106
"Seiurus aurocapilla (Linnaeus, 1766)",http://eol.org/pages/903104,903104
Phoebastria,http://eol.org/pages/104328,104328
Uria,http://eol.org/pages/20224,20224
Alca,http://eol.org/pages/20168,20168
Neovison,http://eol.org/pages/83332,83332
Mazama,http://eol.org/pages/15613,15613
"Mustela frenata Lichtenstein, 1831",http://eol.org/pages/328589,328589
Delphinidae,http://eol.org/pages/7659,7659
"Rhinella marina (Linnaeus, 1758)",http://eol.org/pages/333309,333309
Lagomorpha,http://eol.org/pages/1686,1686
"Castor canadensis Kuhl, 1820",http://eol.org/pages/328025,328025
Lophius,http://eol.org/pages/24788,24788
"Caranx crysos (Mitchill, 1815)",http://eol.org/pages/224449,224449
Raja,http://eol.org/pages/24884,24884
Chordata,http://eol.org/pages/694,694
"Aramides cajanea (Statius Muller, 1776)",http://eol.org/pages/913462,913462
"Branta canadensis (Linnaeus, 1758)",http://eol.org/pages/913235,913235
Chitra indica GRAY 1831,http://eol.org/pages/8827584,8827584
Cricetus,http://eol.org/pages/111221,111221
Esocidae,http://eol.org/pages/5509,5509
Cynoglossidae,http://eol.org/pages/5175,5175
"Phalacrocorax auritus (Lesson, 1831)",http://eol.org/pages/1048642,1048642
Mniotilta,http://eol.org/pages/104523,104523
Caryophyllaceae,http://eol.org/pages/4229,4229
Rubiales,http://eol.org/pages/4279,4279
Anas bahamensis Linnaeus 1758,http://eol.org/pages/1048949,1048949
"Cardioidea Lamarck, 1809",http://eol.org/pages/2577465,2577465
"Veneroidea Rafinesque, 1815",http://eol.org/pages/2577535,2577535
Rafetus euphraticus,http://eol.org/pages/1055448,1055448
Mimidae,http://eol.org/pages/7535,7535
Turdus,http://eol.org/pages/14395,14395
Microcarbo,http://eol.org/pages/4375088,4375088
Lithobates,http://eol.org/pages/4355389,4355389
Tyrannus savana Vieillot 1808,http://eol.org/pages/917500,917500
"Alectoris chukar (J. E. Gray, 1830)",http://eol.org/pages/1049239,1049239
Boraginaceae,http://eol.org/pages/4301,4301
Boraginales,http://eol.org/pages/6349111,6349111
Trionychidae,http://eol.org/pages/8133,8133
Micrometrus,http://eol.org/pages/25114,25114
"Nycticorax nycticorax (Linnaeus, 1758)",http://eol.org/pages/1048731,1048731
"Aplodinotus grunniens Rafinesque, 1819",http://eol.org/pages/993240,993240
Trachinocephalus,http://eol.org/pages/17505,17505
"Ovis orientalis orientalis Gmelin, 1774",http://eol.org/pages/13845095,13845095
"Perdix perdix (Linnaeus, 1758)",http://eol.org/pages/1049240,1049240
Phalacrocorax,http://eol.org/pages/19421,19421
"Capreolus capreolus (Linnaeus, 1758)",http://eol.org/pages/308479,308479
"Microtus pinetorum (LeConte, 1830)",http://eol.org/pages/310270,310270
Caracal caracal,http://eol.org/pages/312855,312855
Bubalus,http://eol.org/pages/39511,39511
Rafetus,http://eol.org/pages/80601,80601
Archilochus,http://eol.org/pages/92794,92794
Myliobatiformes,http://eol.org/pages/2775391,2775391
Aquila,http://eol.org/pages/20307,20307
Melilotus,http://eol.org/pages/28131,28131
"Vulpes vulpes (Linnaeus, 1758)",http://eol.org/pages/328609,328609
Ceruana pratensis Forssk.,http://eol.org/pages/5111389,5111389
Cyanerpes,http://eol.org/pages/34726,34726
Trifolium,http://eol.org/pages/27877,27877
"Rissa tridactyla (Linnaeus, 1758)",http://eol.org/pages/1049628,1049628
Dendroica,http://eol.org/pages/23206,23206
Micropogonias,http://eol.org/pages/25336,25336
Arcoida,http://eol.org/pages/2216,2216
Ficus carica L.,http://eol.org/pages/594632,594632
Icteridae,http://eol.org/pages/7543,7543
Procellariidae,http://eol.org/pages/7992,7992
Lepophidium,http://eol.org/pages/24822,24822
Peprilus,http://eol.org/pages/23912,23912
Elasmobranchii,http://eol.org/pages/1857,1857
Macroramphosus,http://eol.org/pages/24737,24737
Pseudopleuronectes,http://eol.org/pages/25517,25517
"Sphyraena guachancho Cuvier, 1829",http://eol.org/pages/356293,356293
Castoridae,http://eol.org/pages/8684,8684
Perciformes,http://eol.org/pages/5184,5184
Tyrannidae,http://eol.org/pages/1601,1601
Psittacidae,http://eol.org/pages/1591,1591
Protopterus,http://eol.org/pages/24850,24850
Pontinus,http://eol.org/pages/24996,24996
Cervinae,http://eol.org/pages/2851334,2851334
Podicipediformes,http://eol.org/pages/2920964,2920964
Lophiiformes,http://eol.org/pages/5448,5448
Osmerus,http://eol.org/pages/24575,24575
Canis sp.,http://eol.org/pages/23815587,23815587
Mugil,http://eol.org/pages/24151,24151
Mergus merganser Linnaeus 1758,http://eol.org/pages/1049001,1049001
Fulica atra Linnaeus 1758,http://eol.org/pages/1049300,1049300
Nitrariaceae,http://eol.org/pages/2888493,2888493
Odontophoridae,http://eol.org/pages/7590,7590
Agkistrodon piscivorus LACÉPÈDE 1789,http://eol.org/pages/452959,452959
Platalea ajaja Linnaeus 1758,http://eol.org/pages/1064972,1064972
Atherinopsidae,http://eol.org/pages/8276,8276
Monacanthidae,http://eol.org/pages/5058,5058
Vitis,http://eol.org/pages/38383,38383
"Amazona autumnalis (Linnaeus, 1758)",http://eol.org/pages/1178053,1178053
"Amazona ochrocephala (Gmelin, 1788)",http://eol.org/pages/1178062,1178062
Ameiva festiva LICHTENSTEIN 1856,http://eol.org/pages/1057197,1057197
Ostreidae,http://eol.org/pages/2248,2248
Anas discors Linnaeus 1766,http://eol.org/pages/1048953,1048953
Anas acuta Linnaeus 1758,http://eol.org/pages/1048943,1048943
Anas clypeata Linnaeus 1758,http://eol.org/pages/1048959,1048959
"Buteogallus meridionalis (Latham, 1790)",http://eol.org/pages/1048457,1048457
Butorides,http://eol.org/pages/78247,78247
Cacicus,http://eol.org/pages/77337,77337
"Rupornis magnirostris (Gmelin, 1788)",http://eol.org/pages/1049099,1049099
"Buteogallus anthracinus subtilis (Thayer & Bangs, 1905)",http://eol.org/pages/1048461,1048461
"Butorides striata (Linnaeus, 1758)",http://eol.org/pages/1065041,1065041
"Cairina moschata (Linnaeus, 1758)",http://eol.org/pages/1048537,1048537
Scorpiurus muricatus L.,http://eol.org/pages/688445,688445
"Calidris melanotos (Vieillot, 1819)",http://eol.org/pages/1049474,1049474
Anthemis pseudocotula Boiss.,http://eol.org/pages/6182968,6182968
"Campephilus guatemalensis (Hartlaub, 1844)",http://eol.org/pages/1177547,1177547
Caprimulgus cayennensis Gmelin 1789,http://eol.org/pages/1178131,1178131
"Chlidonias niger (Linnaeus, 1758)",http://eol.org/pages/1049372,1049372
Carum copticum H.Karst.,http://eol.org/pages/477954,477954
Trifolium alexandrinum L.,http://eol.org/pages/703383,703383
Desmostachya bipinnata (L.) Stapf,http://eol.org/pages/2896418,2896418
Picris,http://eol.org/pages/38104,38104
Cyperus alopecuroides Rottb.,http://eol.org/pages/1122179,1122179
Juncus acutus L.,http://eol.org/pages/632799,632799
Trigonella,http://eol.org/pages/28123,28123
"Phalacrocorax brasilianus (Gmelin, 1789)",http://eol.org/pages/1065006,1065006
Scarus,http://eol.org/pages/23946,23946
Fregata magnificens Mathews 1914,http://eol.org/pages/1048653,1048653
Mycteroperca,http://eol.org/pages/24210,24210
Selene,http://eol.org/pages/24368,24368
Murinae,http://eol.org/pages/2847355,2847355
Spondylidae,http://eol.org/pages/2252,2252
Sturnella,http://eol.org/pages/35804,35804
Podicipedidae,http://eol.org/pages/7993,7993
Gallinula chloropus,http://eol.org/pages/1049299,1049299
Pleuronectiformes,http://eol.org/pages/5168,5168
Alectoris,http://eol.org/pages/35863,35863
Synodontidae,http://eol.org/pages/8251,8251
Accipitriformes,http://eol.org/pages/2942901,2942901
Dromaius,http://eol.org/pages/15824,15824
"Rattus norvegicus (Berkenhout, 1769)",http://eol.org/pages/328448,328448
Charadrius,http://eol.org/pages/19938,19938
Sander,http://eol.org/pages/26509,26509
"Zenaida asiatica (Linnaeus, 1758)",http://eol.org/pages/1050125,1050125
"Serpentes Linnaeus, 1758",http://eol.org/pages/2815988,2815988
Vespertilionidae,http://eol.org/pages/7632,7632
caracara,http://eol.org/pages/105967,105967
Emberizidae,http://eol.org/pages/7553,7553
Erinaceidae,http://eol.org/pages/1693,1693
Lates,http://eol.org/pages/24537,24537
Anolis,http://eol.org/pages/795877,795877
Pachychilus glaphyrus,http://eol.org/pages/35178811,35178811
"Pecari tajacu (Linnaeus, 1758)",http://eol.org/pages/1037712,1037712
Hexagrammos,http://eol.org/pages/26338,26338
Cercopithecidae,http://eol.org/pages/1657,1657
Catharus,http://eol.org/pages/34727,34727
Trochilidae,http://eol.org/pages/8021,8021
Panthera leo,http://eol.org/pages/328672,328672
Nerodia,http://eol.org/pages/32438,32438
Cuniculidae,http://eol.org/pages/8679,8679
Mimus,http://eol.org/pages/34785,34785
Malaclemys,http://eol.org/pages/32239,32239
Beryciformes,http://eol.org/pages/8234,8234
Didelphimorphia,http://eol.org/pages/7621,7621
Melopsittacus,http://eol.org/pages/92671,92671
Procellariiformes,http://eol.org/pages/2922902,2922902
centaurea,http://eol.org/pages/59386,59386
"Tatera indica (Hardwicke, 1807)",http://eol.org/pages/1179780,1179780
Crotophaga ani Linnaeus 1758,http://eol.org/pages/915111,915111
Talpa,http://eol.org/pages/14481,14481
brosme,http://eol.org/pages/24763,24763
Mytiloidea,http://eol.org/pages/4773022,4773022
Hyporhamphus,http://eol.org/pages/24274,24274
"Phanerodon furcatus Girard, 1854",http://eol.org/pages/220346,220346
Bivalva,http://eol.org/pages/2942339,2942339
Ophisaurus,http://eol.org/pages/14172,14172
Antilope,http://eol.org/pages/39513,39513
Dumetella,http://eol.org/pages/104494,104494
"Hippoglossoides platessoides (Fabricius, 1780)",http://eol.org/pages/211041,211041
Osmeridae,http://eol.org/pages/5399,5399
Mesodesmatidae,http://eol.org/pages/2295,2295
Phanerodon,http://eol.org/pages/25615,25615
Potamon,http://eol.org/pages/44149,44149
"Antigonia capros Lowe, 1843",http://eol.org/pages/993231,993231
Bucephala,http://eol.org/pages/88900,88900
Elymus,http://eol.org/pages/108065,108065
Tyrannus melancholicus Vieillot 1819,http://eol.org/pages/917493,917493
Rastrelliger,http://eol.org/pages/25976,25976
"Clarias batrachus (Linnaeus, 1758)",http://eol.org/pages/203710,203710
"Peromyscus leucopus (Rafinesque, 1818)",http://eol.org/pages/310653,310653
Megaceryle,http://eol.org/pages/19799,19799
Bombycillidae,http://eol.org/pages/7568,7568
Polygonum (knotweed),http://eol.org/pages/38335,38335
"Lepomis gibbosus (Linnaeus, 1758)",http://eol.org/pages/995125,995125
Ammodytidae,http://eol.org/pages/5381,5381
"Ictalurus punctatus (Rafinesque, 1818)",http://eol.org/pages/204762,204762
Rallus longirostris Boddaert 1783,http://eol.org/pages/1049276,1049276
"Oporornis philadelphia (A. Wilson, 1810)",http://eol.org/pages/1051320,1051320
Salsola,http://eol.org/pages/38063,38063
Lopholatilus,http://eol.org/pages/25492,25492
Terrapene,http://eol.org/pages/14127,14127
"Sciurus niger Linnaeus, 1758",http://eol.org/pages/347428,347428
Carnivora,http://eol.org/pages/7662,7662
"Geomys bursarius (Shaw, 1800)",http://eol.org/pages/328027,328027
"Ortalis cinereiceps G. R. Gray, 1867",http://eol.org/pages/1050077,1050077
"Ariopsis felis (Linnaeus, 1766)",http://eol.org/pages/223038,223038
Pionus,http://eol.org/pages/34983,34983
Procyonidae,http://eol.org/pages/7665,7665
"Cerithioidea Férussac, 1822",http://eol.org/pages/6878012,6878012
"Mesocricetus brandti (Nehring, 1898)",http://eol.org/pages/1179514,1179514
Euthynnus,http://eol.org/pages/25067,25067
Liliaceae,http://eol.org/pages/4174,4174
Polygonaceae,http://eol.org/pages/4364,4364
Eleocharis,http://eol.org/pages/29150,29150
Rumex,http://eol.org/pages/38064,38064
Raphanus raphanistrum L.,http://eol.org/pages/584018,584018
Schoenoplectus,http://eol.org/pages/30089,30089
Medicago polymorpha L.,http://eol.org/pages/703648,703648
Portulaca oleracea L.,http://eol.org/pages/587111,587111
Phragmites,http://eol.org/pages/108094,108094
Cyperus esculentus L.,http://eol.org/pages/1121991,1121991
Avena,http://eol.org/pages/108054,108054
Lathyrus hirsutus L.,http://eol.org/pages/703168,703168
Acacia nilotica (L.) Delile,http://eol.org/pages/687277,687277
Prunus amygdalus Stokes,http://eol.org/pages/231567,231567
Ziziphus spina-christi,http://eol.org/pages/2885426,2885426
Glinus lotoides L.,http://eol.org/pages/483312,483312
Triglidae,http://eol.org/pages/5121,5121
Cyperus,http://eol.org/pages/29130,29130
Hyoscyamus niger L.,http://eol.org/pages/581037,581037
Cicer arietinum L.,http://eol.org/pages/685208,685208
Vicia faba L.,http://eol.org/pages/703202,703202
Chenopodium murale L.,http://eol.org/pages/586723,586723
Anthemideae,http://eol.org/pages/6884304,6884304
Linum usitatissimum L.,http://eol.org/pages/581568,581568
Cordia myxa L.,http://eol.org/pages/590604,590604
Lupinus,http://eol.org/pages/27789,27789
Olea europaea L.,http://eol.org/pages/579181,579181
"Numenius phaeopus (Linnaeus, 1758)",http://eol.org/pages/1049394,1049394
Morone,http://eol.org/pages/24205,24205
Schoenoplectiella praelongata (Poir.) Lye,http://eol.org/pages/249606,249606
Cyperus rotundus L.,http://eol.org/pages/1121553,1121553
Imperata cylindrica (L.) Raeusch.,http://eol.org/pages/1114980,1114980
Echium rauwolfii Delile,http://eol.org/pages/5355813,5355813
Galium (bedstraw),http://eol.org/pages/29276,29276
Veneroida,http://eol.org/pages/2275,2275
"Tigrisoma fasciatum (Such, 1825)",http://eol.org/pages/1049035,1049035
Otididae,http://eol.org/pages/7582,7582
Eutheria,http://eol.org/pages/2844801,2844801
"Catostomus commersoni (Lacepède, 1803)",http://eol.org/pages/8853284,8853284
Ranidae,http://eol.org/pages/7511,7511
Rallus,http://eol.org/pages/19907,19907
"Sphyrapicus varius (Linnaeus, 1766)",http://eol.org/pages/1047043,1047043
Chrysemys picta SCHNEIDER 1783,http://eol.org/pages/795380,795380
Channa,http://eol.org/pages/24032,24032
Strix,http://eol.org/pages/14452,14452
"Embiotoca lateralis Agassiz, 1854",http://eol.org/pages/207198,207198
Medicago,http://eol.org/pages/27787,27787
Lens,http://eol.org/pages/27812,27812
Lepidium,http://eol.org/pages/38044,38044
Scorpiurus,http://eol.org/pages/28324,28324
Crypsis,http://eol.org/pages/108128,108128
Beta vulgaris L.,http://eol.org/pages/585884,585884
Ziziphora,http://eol.org/pages/2894369,2894369
Lacertidae,http://eol.org/pages/1708,1708
Chelydridae,http://eol.org/pages/8124,8124
Lepus,http://eol.org/pages/10840,10840
"Zonotrichia albicollis (Gmelin, 1789)",http://eol.org/pages/922651,922651
Amazona,http://eol.org/pages/14403,14403
Giraffidae,http://eol.org/pages/7684,7684
Rumex dentatus L.,http://eol.org/pages/587351,587351
Malva parviflora L.,http://eol.org/pages/584653,584653
Rubus,http://eol.org/pages/30108,30108
"Equus caballus Linnaeus, 1758",http://eol.org/pages/328648,328648
Pheucticus,http://eol.org/pages/11884,11884
Gadus,http://eol.org/pages/13122,13122
Felidae,http://eol.org/pages/7674,7674
Pseudemys,http://eol.org/pages/35257,35257
Cyclopterus,http://eol.org/pages/25457,25457
Apiaceae,http://eol.org/pages/4200,4200
Linaceae,http://eol.org/pages/4315,4315
Cuniculus paca,http://eol.org/pages/326582,326582
Menidia,http://eol.org/pages/24912,24912
Sternula,http://eol.org/pages/4376028,4376028
Sus,http://eol.org/pages/42318,42318
Gruiformes,http://eol.org/pages/7578,7578
Bolinus,http://eol.org/pages/2972737,2972737
Lepomis,http://eol.org/pages/25735,25735
Soricidae,http://eol.org/pages/8714,8714
"Bassaricyon gabbii J. A. Allen, 1876",http://eol.org/pages/328060,328060
"Peromyscus maniculatus (Wagner, 1845)",http://eol.org/pages/311573,311573
Malacostraca,http://eol.org/pages/1157,1157
Crocodylidae,http://eol.org/pages/1739,1739
Chilomycterus,http://eol.org/pages/18092,18092
Viperidae,http://eol.org/pages/8116,8116
"Cerastoderma glaucum (Poiret, 1789)",http://eol.org/pages/590197,590197
Larus marinus Linnaeus 1758,http://eol.org/pages/1049577,1049577
Pomatomus,http://eol.org/pages/24805,24805
Herpestes,http://eol.org/pages/35924,35924
"Ameiurus melas (Rafinesque, 1820)",http://eol.org/pages/204761,204761
Morus,http://eol.org/pages/104263,104263
Vicia,http://eol.org/pages/13463,13463
Ciconia Brisson 1760,http://eol.org/pages/20481,20481
Bivalvia,http://eol.org/pages/2215,2215
"Pandion haliaetus (Linnaeus, 1758)",http://eol.org/pages/1049145,1049145
"Ophidion holbrookii Putnam, 1874",http://eol.org/pages/221496,221496
Lithospermum (Gromwell),http://eol.org/pages/39078,39078
Malaclemys terrapin SCHOEPFF 1793,http://eol.org/pages/1055887,1055887
Primates,http://eol.org/pages/1645,1645
Pluvialis,http://eol.org/pages/19929,19929
Columbidae,http://eol.org/pages/7978,7978
Capra aegagrus,http://eol.org/pages/4447460,4447460
Cuculiformes,http://eol.org/pages/7596,7596
Decapoda,http://eol.org/pages/10948079,10948079
Perdix,http://eol.org/pages/34859,34859
Protopteridae,http://eol.org/pages/8916,8916
Porzana,http://eol.org/pages/14973,14973
Crepis,http://eol.org/pages/44923,44923
Pandionidae,http://eol.org/pages/2869290,2869290
Peristediidae,http://eol.org/pages/5131,5131
Poales,http://eol.org/pages/4075,4075
Tatera,http://eol.org/pages/111271,111271
Cygnus,http://eol.org/pages/20156,20156
Mustelidae,http://eol.org/pages/7670,7670
Chelydra,http://eol.org/pages/35894,35894
Castor,http://eol.org/pages/42276,42276
"Lama glama (Linnaeus, 1758)",http://eol.org/pages/309018,309018
Riparia,http://eol.org/pages/38665,38665
"Caprimulgus vociferus A. Wilson, 1812",http://eol.org/pages/1045979,1045979
Phalacrocorax carbo,http://eol.org/pages/1048641,1048641
"Dendroica magnolia (A. Wilson, 1811)",http://eol.org/pages/918911,918911
Triticum,http://eol.org/pages/108051,108051
Mus,http://eol.org/pages/42344,42344
Mytiloida,http://eol.org/pages/2234,2234
Clarias,http://eol.org/pages/23806,23806
"Sebastes chrysomelas (Jordan and Gilbert, 1881)",http://eol.org/pages/203877,203877
junco,http://eol.org/pages/15837,15837
Anatidae,http://eol.org/pages/8027,8027
Sciaenidae,http://eol.org/pages/5211,5211
"Procyon lotor (Linnaeus, 1758)",http://eol.org/pages/328598,328598
"Cervus canadensis Erxleben, 1777",http://eol.org/pages/4446297,4446297
Alces,http://eol.org/pages/42400,42400
Anas,http://eol.org/pages/17930,17930
Chiroptera (Bats),http://eol.org/pages/7631,7631
Orthogeomys,http://eol.org/pages/15605,15605
Fimbristylis bisumbellata (Forssk.) Bubani,http://eol.org/pages/1119225,1119225
Eleocharis palustris (L.) Roem. & Schult.,http://eol.org/pages/1120155,1120155
Phalaris paradoxa L.,http://eol.org/pages/1114735,1114735
Tamarix aphylla (L.) H. Karst.,http://eol.org/pages/585675,585675
Tamarix nilotica,http://eol.org/pages/5743200,5743200
Cyperus articulatus L.,http://eol.org/pages/1122153,1122153
Charadriidae,http://eol.org/pages/8011,8011
Phocidae,http://eol.org/pages/7666,7666
Equidae,http://eol.org/pages/1670,1670
Rana,http://eol.org/pages/15744,15744
Grus,http://eol.org/pages/34447,34447
Myliobatidae,http://eol.org/pages/8882,8882
Erinaceinae,http://eol.org/pages/2851916,2851916
"Peristedion miniatum Goode, 1880",http://eol.org/pages/210938,210938
Notemigonus,http://eol.org/pages/24796,24796
Cyperaceae,http://eol.org/pages/8211,8211
Antilocapra,http://eol.org/pages/14483,14483
Poecile,http://eol.org/pages/33351,33351
Gavia,http://eol.org/pages/20444,20444
Aegolius,http://eol.org/pages/20101,20101
Camelidae,http://eol.org/pages/7686,7686
Latidae,http://eol.org/pages/5301,5301
alkanna,http://eol.org/pages/61209,61209
Rissa,http://eol.org/pages/24726,24726
