label,uri,page_id,node_id,resource_pk,resource_id,preferred_canonical_for_page,gbif_id,gbif_rel_method,gbif_uri,gbif_can_name,gbif_vern_name
Animalia,http://eol.org/pages/1,1,61285267.0,Animalia,767.0,Metazoa,,,,,
Arthropod,http://eol.org/pages/164,164,61285269.0,Arthropoda,767.0,Arthropoda,,,,,
Chordata,http://eol.org/pages/694,694,61294726.0,Chordata,767.0,Chordata,,,,,
Aves,http://eol.org/pages/695,695,61356568.0,Aves,767.0,Aves,,,,,
Strigiformes,http://eol.org/pages/696,696,61530106.0,Strigiformes,767.0,Strigiformes,,,,,
Malacostraca,http://eol.org/pages/1157,1157,61397927.0,Malacostraca,767.0,Malacostraca,,,,,
Amphibia,http://eol.org/pages/1552,1552,61442299.0,Amphibia,767.0,Lissamphibia,,,,,
Amphibia,http://eol.org/pages/1552,1552,63784097.0,Amphibia,767.0,Lissamphibia,,,,,
Anura,http://eol.org/pages/1553,1553,62830043.0,Ecaudati,767.0,Anura,,,,,
Anura,http://eol.org/pages/1553,1553,62396918.0,Anura,767.0,Anura,,,,,
Anura,http://eol.org/pages/1553,1553,62125775.0,Anura,767.0,Anura,,,,,
Anura,http://eol.org/pages/1553,1553,63601711.0,Proanura,767.0,Anura,,,,,
Anura,http://eol.org/pages/1553,1553,63836093.0,Heteromorpha,767.0,Anura,,,,,
Anura,http://eol.org/pages/1553,1553,62762380.0,Amphicoelia,767.0,Anura,,,,,
Anura,http://eol.org/pages/1553,1553,63012002.0,Salientia,767.0,Anura,,,,,
Bufonidae,http://eol.org/pages/1556,1556,64455202.0,Phryniscidae,767.0,Bufonidae,,,,,
Bufonidae,http://eol.org/pages/1556,1556,62126406.0,Bufonidae,767.0,Bufonidae,,,,,
Psittaciformes,http://eol.org/pages/1590,1590,61527083.0,Psittaciformes,767.0,Psittaciformes,,,,,
Psittacidae,http://eol.org/pages/1591,1591,61673139.0,Psittacidae,767.0,Psittacidae,,,,,
Piciformes,http://eol.org/pages/1592,1592,62146901.0,Piciformes,767.0,Piciformes,,,,,
Picidae,http://eol.org/pages/1595,1595,62147945.0,Picidae,767.0,Picidae,,,,,
Passeriformes,http://eol.org/pages/1596,1596,61387418.0,Passeriformes,767.0,Passeriformes,,,,,
Tyrannidae,http://eol.org/pages/1601,1601,62025281.0,Tyrannidae,767.0,Tyrannidae,,,,,
Turdidae,http://eol.org/pages/1603,1603,62154207.0,Turdidae,767.0,Turdidae,,,,,
Thraupidae,http://eol.org/pages/1604,1604,62152827.0,Thraupidae,767.0,Thraupidae,,,,,
Sturnidae,http://eol.org/pages/1607,1607,62153204.0,Sturnidae,767.0,Sturnidae,,,,,
Sittidae,http://eol.org/pages/1609,1609,62151381.0,Sittidae,767.0,Sittidae,,,,,
Passeridae,http://eol.org/pages/1627,1627,62153557.0,Passeridae,767.0,Passeridae,,,,,
Parulidae,http://eol.org/pages/1628,1628,62153617.0,Parulidae,767.0,Parulidae,,,,,
Paridae,http://eol.org/pages/1629,1629,62150446.0,Paridae,767.0,Paridae,,,,,
Mammalia,http://eol.org/pages/1642,1642,61531389.0,Mammalia,767.0,Mammalia,,,,,
Primates,http://eol.org/pages/1645,1645,62134370.0,Primates,767.0,Primates,,,,,
Hominidae,http://eol.org/pages/1653,1653,62395143.0,Pongidae,767.0,Pongidae,,,,,
Cercopithecidae,http://eol.org/pages/1657,1657,62134496.0,Cercopithecidae,767.0,Cercopithecidae,,,,,
"Perissodactyla (Horses, Rhinoceroses, and Tapirs)",http://eol.org/pages/1667,1667,62137669.0,Perissodactyla,767.0,Perissodactyla,,,,,
Equidae,http://eol.org/pages/1670,1670,62137681.0,Equidae,767.0,Equidae,,,,,
Lagomorpha,http://eol.org/pages/1686,1686,62134615.0,Lagomorpha,767.0,Lagomorpha,,,,,
Leporidae,http://eol.org/pages/1689,1689,62134620.0,Leporidae,767.0,Leporidae,,,,,
Leporidae,http://eol.org/pages/1689,1689,63943660.0,Palaeolagidae,767.0,Leporidae,,,,,
Leporidae,http://eol.org/pages/1689,1689,63956733.0,Strenulagidae,767.0,Leporidae,,,,,
Erinaceomorpha,http://eol.org/pages/1692,1692,62134750.0,Erinaceomorpha,767.0,Erinaceomorpha,,,,,
Erinaceidae,http://eol.org/pages/1693,1693,62134751.0,Erinaceidae,767.0,Erinaceidae,,,,,
Reptilia,http://eol.org/pages/1703,1703,61388508.0,Reptilia,767.0,Reptilia,,,,,
"Squamata Oppel, 1811",http://eol.org/pages/1704,1704,61547950.0,Squamata,767.0,Squamata,,,,,
"Squamata Oppel, 1811",http://eol.org/pages/1704,1704,61388509.0,Squamata,767.0,Squamata,,,,,
Lacertidae,http://eol.org/pages/1708,1708,62142964.0,Lacertidae,767.0,Lacertidae,,,,,
Colubridae,http://eol.org/pages/1722,1722,62099345.0,Colubridae,767.0,Colubridae,,,,,
Crocodylidae,http://eol.org/pages/1739,1739,62138003.0,Crocodylidae,767.0,Crocodylidae,,,,,
Elasmobranchii,http://eol.org/pages/1857,1857,61383129.0,Elasmobranchii,767.0,Elasmobranchii,,,,,
Rajiformes,http://eol.org/pages/1858,1858,62095049.0,Rajiformes,767.0,Rajiformes,,,,,
"Lamniformes Garman, 1885",http://eol.org/pages/1874,1874,62005305.0,Lamniformes,767.0,Lamniformes,,,,,
Carcharhinidae,http://eol.org/pages/1901,1901,62011676.0,Carcharhinidae,767.0,Carcharhinidae,,,,,
Actinopterygii,http://eol.org/pages/1905,1905,61294727.0,Actinopterygii,767.0,Actinopterygii,,,,,
Zeiformes,http://eol.org/pages/1906,1906,62013923.0,Zeiformes,767.0,Zeiformes,,,,,
Zeidae,http://eol.org/pages/1908,1908,62013924.0,Zeidae,767.0,Zeidae,,,,,
"Echinodermata Bruguière, 1791 [ex Klein, 1734]",http://eol.org/pages/1926,1926,61378354.0,Echinodermata,767.0,Echinodermata,,,,,
Echinoidea,http://eol.org/pages/1971,1971,61378355.0,Echinoidea,767.0,Echinoidea,,,,,
Mollusca,http://eol.org/pages/2195,2195,61363151.0,Mollusca,767.0,Mollusca,,,,,
Not assigned,http://eol.org/pages/2206,2206,,,,,,,,,
Bivalvia,http://eol.org/pages/2215,2215,61478856.0,Bivalvia,767.0,Bivalvia,,,,,
Unionidae,http://eol.org/pages/2274,2274,62064887.0,Unionidae,767.0,Unionidae,,,,,
Gastropoda,http://eol.org/pages/2366,2366,61363152.0,Gastropoda,767.0,Gastropoda,,,,,
Patellidae,http://eol.org/pages/2385,2385,62066704.0,Patellidae,767.0,Patellidae,,,,,
Neogastropoda,http://eol.org/pages/2447,2447,62038837.0,Neogastropoda,767.0,Neogastropoda,,,,,
Buccinidae,http://eol.org/pages/2448,2448,62397389.0,Babyloniidae,767.0,Babyloniidae,,,,,
Muricidae,http://eol.org/pages/2461,2461,62073980.0,Muricidae,767.0,Muricidae,,,,,
Stylommatophora,http://eol.org/pages/2626,2626,61533670.0,Stylommatophora,767.0,Stylommatophora,,,,,
Cypriniformes,http://eol.org/pages/3194,3194,61294728.0,Cypriniformes,767.0,Cypriniformes,,,,,
Catostomidae,http://eol.org/pages/3196,3196,62102433.0,Catostomidae,767.0,Catostomidae,,,,,
Cyprinidae,http://eol.org/pages/3198,3198,61294729.0,Cyprinidae,767.0,Cyprinidae,,,,,
Poales,http://eol.org/pages/4075,4075,61478513.0,Poales,767.0,Poales,,,,,
Juncaceae,http://eol.org/pages/4076,4076,62237417.0,Juncaceae,767.0,Juncaceae,,,,,
Tracheophyta,http://eol.org/pages/4077,4077,61323484.0,Tracheophyta,767.0,Tracheophyta,,,,,
Liliaceae,http://eol.org/pages/4174,4174,61323487.0,Liliaceae,767.0,Liliaceae,,,,,
Apiaceae,http://eol.org/pages/4200,4200,62216031.0,Apiaceae,767.0,Apiaceae,,,,,
Rubiaceae,http://eol.org/pages/4202,4202,62211373.0,Rubiaceae,767.0,Rubiaceae,,,,,
Asteraceae,http://eol.org/pages/4206,4206,61343087.0,Asteraceae,767.0,Asteraceae,,,,,
Brassicaceae,http://eol.org/pages/4219,4219,62238110.0,Brassicaceae,767.0,Brassicaceae,,,,,
Nepenthales,http://eol.org/pages/4223,4223,62110063.0,Caryophyllales,767.0,Caryophyllales,,,,,
Caryophyllaceae,http://eol.org/pages/4229,4229,62169403.0,Caryophyllaceae,767.0,Caryophyllaceae,,,,,
Molluginaceae,http://eol.org/pages/4231,4231,62168839.0,Molluginaceae,767.0,Molluginaceae,,,,,
Portulacaceae,http://eol.org/pages/4234,4234,62339410.0,Portulacaceae,767.0,Portulacaceae,,,,,
Dipsacales,http://eol.org/pages/4256,4256,61654283.0,Dipsacales,767.0,Dipsacales,,,,,
Polygalales,http://eol.org/pages/4276,4276,61478858.0,Fabales,767.0,Fabales,,,,,
Fabaceae (beans),http://eol.org/pages/4277,4277,62212347.0,Fabaceae,767.0,Fabaceae,,,,,
Rubiales,http://eol.org/pages/4279,4279,,,,,,,,,
Boraginaceae,http://eol.org/pages/4301,4301,62157509.0,Boraginaceae,767.0,Boraginaceae,,,,,
Boraginaceae,http://eol.org/pages/4301,4301,63716592.0,Codonaceae,767.0,Boraginaceae,,,,,
Boraginaceae,http://eol.org/pages/4301,4301,62299985.0,Heliotropiaceae,767.0,Boraginaceae,,,,,
Boraginaceae,http://eol.org/pages/4301,4301,62572181.0,Wellstediaceae,767.0,Boraginaceae,,,,,
Boraginaceae,http://eol.org/pages/4301,4301,62113003.0,Hydrophyllaceae,767.0,Boraginaceae,,,,,
Boraginaceae,http://eol.org/pages/4301,4301,62291444.0,Ehretiaceae,767.0,Boraginaceae,,,,,
Lamiaceae,http://eol.org/pages/4302,4302,62157279.0,Lamiaceae,767.0,Lamiaceae,,,,,
Sapindales,http://eol.org/pages/4311,4311,62115992.0,Sapindales,767.0,Sapindales,,,,,
Linaceae,http://eol.org/pages/4315,4315,62155403.0,Linaceae,767.0,Linaceae,,,,,
Malvaceae,http://eol.org/pages/4321,4321,62242574.0,Malvaceae,767.0,Malvaceae,,,,,
Ranunculales,http://eol.org/pages/4346,4346,62121572.0,Ranunculales,767.0,Ranunculales,,,,,
Papaveraceae,http://eol.org/pages/4348,4348,62126275.0,Papaveraceae,767.0,Papaveraceae,,,,,
Polygonaceae,http://eol.org/pages/4364,4364,62124002.0,Polygonaceae,767.0,Polygonaceae,,,,,
Primulaceae,http://eol.org/pages/4367,4367,62211870.0,Primulaceae,767.0,Primulaceae,,,,,
Ranunculaceae,http://eol.org/pages/4377,4377,62121573.0,Ranunculaceae,767.0,Ranunculaceae,,,,,
Rhamnaceae,http://eol.org/pages/4381,4381,62120354.0,Rhamnaceae,767.0,Rhamnaceae,,,,,
Vitaceae,http://eol.org/pages/4382,4382,62326593.0,Vitaceae,767.0,Vitaceae,,,,,
Rosales,http://eol.org/pages/4385,4385,61503514.0,Rosales,767.0,Rosales,,,,,
Zygophyllaceae,http://eol.org/pages/4418,4418,62115511.0,Zygophyllaceae,767.0,Zygophyllaceae,,,,,
Oleaceae,http://eol.org/pages/4426,4426,62365982.0,Oleaceae,767.0,Oleaceae,,,,,
Scrophulariaceae,http://eol.org/pages/4429,4429,62114233.0,Scrophulariaceae,767.0,Scrophulariaceae,,,,,
Convolvulaceae,http://eol.org/pages/4431,4431,62113666.0,Convolvulaceae,767.0,Convolvulaceae,,,,,
Solanaceae,http://eol.org/pages/4437,4437,62301411.0,Solanaceae,767.0,Solanaceae,,,,,
Moraceae,http://eol.org/pages/4450,4450,62288018.0,Moraceae,767.0,Moraceae,,,,,
Tamaricaceae,http://eol.org/pages/4464,4464,62284266.0,Tamaricaceae,767.0,Tamaricaceae,,,,,
Tetraodontiformes,http://eol.org/pages/5052,5052,62017784.0,Tetraodontiformes,767.0,Tetraodontiformes,,,,,
Monacanthidae,http://eol.org/pages/5058,5058,62120236.0,Monacanthidae,767.0,Monacanthidae,,,,,
Balistidae,http://eol.org/pages/5061,5061,62090954.0,Balistidae,767.0,Balistidae,,,,,
Syngnathiformes,http://eol.org/pages/5063,5063,62020666.0,Syngnathiformes,767.0,Syngnathiformes,,,,,
Centriscidae,http://eol.org/pages/5067,5067,62021587.0,Centriscidae,767.0,Centriscidae,,,,,
Siluriformes,http://eol.org/pages/5083,5083,62090964.0,Siluriformes,767.0,Siluriformes,,,,,
Ictaluridae,http://eol.org/pages/5099,5099,62094568.0,Ictaluridae,767.0,Ictaluridae,,,,,
Clariidae,http://eol.org/pages/5106,5106,62095110.0,Clariidae,767.0,Clariidae,,,,,
Triglidae,http://eol.org/pages/5121,5121,62091004.0,Triglidae,767.0,Triglidae,,,,,
Sebastidae,http://eol.org/pages/5125,5125,62091042.0,Sebastidae,767.0,Sebastidae,,,,,
Scorpaenidae,http://eol.org/pages/5126,5126,62091050.0,Scorpaenidae,767.0,Scorpaenidae,,,,,
Peristediidae,http://eol.org/pages/5131,5131,62091719.0,Peristediidae,767.0,Peristediidae,,,,,
Hexagrammidae,http://eol.org/pages/5138,5138,62092552.0,Hexagrammidae,767.0,Hexagrammidae,,,,,
Cyclopteridae,http://eol.org/pages/5144,5144,61397748.0,Cyclopteridae,767.0,Cyclopteridae,,,,,
Cottidae,http://eol.org/pages/5146,5146,62091899.0,Cottocomephoridae,767.0,Cottidae,,,,,
Cottidae,http://eol.org/pages/5146,5146,62091652.0,Comephoridae,767.0,Cottidae,,,,,
Cottidae,http://eol.org/pages/5146,5146,62092167.0,Abyssocottidae,767.0,Cottidae,,,,,
Cottidae,http://eol.org/pages/5146,5146,62091067.0,Cottidae,767.0,Cottidae,,,,,
Salmoniformes,http://eol.org/pages/5157,5157,61443665.0,Salmoniformes,767.0,Salmoniformes,,,,,
Salmonidae,http://eol.org/pages/5158,5158,62097803.0,Salmonidae,767.0,Salmonidae,,,,,
Polymixiiformes,http://eol.org/pages/5166,5166,62121772.0,Polymixiiformes,767.0,Polymixiiformes,,,,,
Polymixiidae,http://eol.org/pages/5167,5167,62121773.0,Polymixiidae,767.0,Polymixiidae,,,,,
Pleuronectiformes,http://eol.org/pages/5168,5168,61899338.0,Pleuronectiformes,767.0,Pleuronectiformes,,,,,
Pleuronectidae,http://eol.org/pages/5173,5173,62120792.0,Pleuronectidae,767.0,Pleuronectidae,,,,,
Paralichthyidae,http://eol.org/pages/5174,5174,62120815.0,Paralichthyidae,767.0,Paralichthyidae,,,,,
Cynoglossidae,http://eol.org/pages/5175,5175,62121359.0,Cynoglossidae,767.0,Cynoglossidae,,,,,
Perciformes,http://eol.org/pages/5184,5184,61452445.0,Perciformes,767.0,Perciformes,,,,,
Zoarcidae,http://eol.org/pages/5185,5185,62110334.0,Zoarcidae,767.0,Zoarcidae,,,,,
Sphyraenidae,http://eol.org/pages/5202,5202,62105671.0,Sphyraenidae,767.0,Sphyraenidae,,,,,
Sparidae,http://eol.org/pages/5203,5203,61452446.0,Sparidae,767.0,Sparidae,,,,,
Serranidae,http://eol.org/pages/5206,5206,62091924.0,Serranidae,767.0,Serranidae,,,,,
Sciaenidae,http://eol.org/pages/5211,5211,62099132.0,Sciaenidae,767.0,Sciaenidae,,,,,
Priacanthidae,http://eol.org/pages/5221,5221,62107978.0,Priacanthidae,767.0,Priacanthidae,,,,,
Pomatomidae,http://eol.org/pages/5258,5258,62105871.0,Pomatomidae,767.0,Pomatomidae,,,,,
Mugilidae,http://eol.org/pages/5287,5287,62113005.0,Mugilidae,767.0,Mugilidae,,,,,
Moronidae,http://eol.org/pages/5288,5288,62111086.0,Moronidae,767.0,Moronidae,,,,,
Malacanthidae,http://eol.org/pages/5292,5292,62113121.0,Malacanthidae,767.0,Malacanthidae,,,,,
Lutjanidae,http://eol.org/pages/5294,5294,62107888.0,Caesionidae,767.0,Lutjanidae,,,,,
Lutjanidae,http://eol.org/pages/5294,5294,62101811.0,Lutjanidae,767.0,Lutjanidae,,,,,
Labridae,http://eol.org/pages/5305,5305,62111776.0,Odacidae,767.0,Labridae,,,,,
Labridae,http://eol.org/pages/5305,5305,62106686.0,Scaridae,767.0,Labridae,,,,,
Labridae,http://eol.org/pages/5305,5305,62101814.0,Labridae,767.0,Labridae,,,,,
Embiotocidae,http://eol.org/pages/5327,5327,62110637.0,Embiotocidae,767.0,Embiotocidae,,,,,
Echeneidae,http://eol.org/pages/5331,5331,62108088.0,Echeneidae,767.0,Echeneidae,,,,,
Channidae,http://eol.org/pages/5349,5349,62113056.0,Channidae,767.0,Channidae,,,,,
Centrarchidae,http://eol.org/pages/5358,5358,62106353.0,Centrarchidae,767.0,Centrarchidae,,,,,
Carangidae,http://eol.org/pages/5361,5361,62114429.0,Carangidae,767.0,Carangidae,,,,,
Caproidae,http://eol.org/pages/5362,5362,62114039.0,Caproidae,767.0,Caproidae,,,,,
Anarhichadidae,http://eol.org/pages/5379,5379,62114862.0,Anarhichadidae,767.0,Anarhichadidae,,,,,
Ammodytidae,http://eol.org/pages/5381,5381,62114066.0,Ammodytidae,767.0,Ammodytidae,,,,,
Osmeriformes,http://eol.org/pages/5394,5394,61334274.0,Osmeriformes,767.0,Osmeriformes,,,,,
Osmeridae,http://eol.org/pages/5399,5399,62118020.0,Osmeridae,767.0,Osmeridae,,,,,
Ophidiiformes,http://eol.org/pages/5408,5408,61440885.0,Ophidiiformes,767.0,Ophidiiformes,,,,,
Lophiiformes,http://eol.org/pages/5448,5448,61438796.0,Lophiiformes,767.0,Lophiiformes,,,,,
Lophiidae,http://eol.org/pages/5455,5455,62098932.0,Lophiidae,767.0,Lophiidae,,,,,
Gadiformes,http://eol.org/pages/5496,5496,62091765.0,Gadiformes,767.0,Gadiformes,,,,,
Phycidae,http://eol.org/pages/5497,5497,62123869.0,Phycidae,767.0,Phycidae,,,,,
Gadidae,http://eol.org/pages/5503,5503,62091766.0,Gadidae,767.0,Gadidae,,,,,
Lotidae,http://eol.org/pages/5504,5504,62123862.0,Lotidae,767.0,Lotidae,,,,,
Esociformes,http://eol.org/pages/5507,5507,62097420.0,Esociformes,767.0,Esociformes,,,,,
Esocidae,http://eol.org/pages/5509,5509,62097432.0,Esocidae,767.0,Esocidae,,,,,
Megalopidae,http://eol.org/pages/5511,5511,62097439.0,Megalopidae,767.0,Megalopidae,,,,,
Clupeidae,http://eol.org/pages/6893,6893,62097446.0,Clupeidae,767.0,Clupeidae,,,,,
Clupeidae,http://eol.org/pages/6893,6893,62122897.0,Dussumieriidae,767.0,Clupeidae,,,,,
"Potamoidea Ortmann, 1896",http://eol.org/pages/7195,7195,,,,,,,,,
"Potamidae Ortmann, 1896",http://eol.org/pages/7196,7196,62024456.0,Potamidae,767.0,Potamidae,,,,,
Ranidae,http://eol.org/pages/7511,7511,62125793.0,Ranidae,767.0,Ranidae,,,,,
Mimidae,http://eol.org/pages/7535,7535,62156469.0,Mimidae,767.0,Mimidae,,,,,
Icteridae,http://eol.org/pages/7543,7543,62151013.0,Icteridae,767.0,Icteridae,,,,,
Hirundinidae,http://eol.org/pages/7544,7544,62153328.0,Hirundinidae,767.0,Hirundinidae,,,,,
Fringillidae,http://eol.org/pages/7548,7548,62152796.0,Fringillidae,767.0,Fringillidae,,,,,
Emberizidae,http://eol.org/pages/7553,7553,62151024.0,Emberizidae,767.0,Emberizidae,,,,,
Corvidae,http://eol.org/pages/7557,7557,62150292.0,Corvidae,767.0,Corvidae,,,,,
Cardinalidae,http://eol.org/pages/7566,7566,62153094.0,Cardinalidae,767.0,Cardinalidae,,,,,
Bombycillidae,http://eol.org/pages/7568,7568,62151199.0,Bombycillidae,767.0,Bombycillidae,,,,,
Gruiformes,http://eol.org/pages/7578,7578,61554905.0,Gruiformes,767.0,Gruiformes,,,,,
Rallidae,http://eol.org/pages/7581,7581,62146627.0,Rallidae,767.0,Rallidae,,,,,
Otididae,http://eol.org/pages/7582,7582,62146810.0,Otididae,767.0,Otididae,,,,,
Gruidae,http://eol.org/pages/7586,7586,62146855.0,Gruidae,767.0,Gruidae,,,,,
Galliformes,http://eol.org/pages/7589,7589,61394377.0,Galliformes,767.0,Galliformes,,,,,
Odontophoridae,http://eol.org/pages/7590,7590,62146562.0,Odontophoridae,767.0,Odontophoridae,,,,,
Grouse and Allies,http://eol.org/pages/7591,7591,61394378.0,Phasianidae,767.0,Phasianidae,,,,,
Cuculiformes,http://eol.org/pages/7596,7596,61554380.0,Cuculiformes,767.0,Cuculiformes,,,,,
Cuculidae,http://eol.org/pages/7598,7598,62092616.0,Cuculidae,767.0,Cuculidae,,,,,
Cracidae,http://eol.org/pages/7600,7600,62150216.0,Cracidae,767.0,Cracidae,,,,,
Coraciiformes,http://eol.org/pages/7602,7602,61528380.0,Coraciiformes,767.0,Coraciiformes,,,,,
Didelphimorphia,http://eol.org/pages/7621,7621,62137126.0,Didelphimorphia,767.0,Didelphimorphia,,,,,
Didelphidae,http://eol.org/pages/7622,7622,62137127.0,Didelphidae,767.0,Didelphidae,,,,,
Cingulata,http://eol.org/pages/7629,7629,62398452.0,Cingulata,767.0,Cingulata,,,,,
Cingulata,http://eol.org/pages/7629,7629,62137605.0,Cingulata,767.0,Cingulata,,,,,
Dasypodidae,http://eol.org/pages/7630,7630,62137606.0,Dasypodidae,767.0,Dasypodidae,,,,,
Chiroptera (Bats),http://eol.org/pages/7631,7631,62079943.0,Chiroptera,767.0,Chiroptera,,,,,
Vespertilionidae,http://eol.org/pages/7632,7632,62079944.0,Vespertilionidae,767.0,Vespertilionidae,,,,,
Phyllostomidae,http://eol.org/pages/7637,7637,62132975.0,Phyllostomidae,767.0,Phyllostomidae,,,,,
"Cetacea (Dolphins, Porpoises, and Whales)",http://eol.org/pages/7649,7649,62087378.0,Cetacea,767.0,Cetacea,,,,,
Eschrichtiidae,http://eol.org/pages/7658,7658,62137584.0,Eschrichtiidae,767.0,Eschrichtiidae,,,,,
Delphinidae,http://eol.org/pages/7659,7659,62087379.0,Delphinidae,767.0,Delphinidae,,,,,
Delphinidae,http://eol.org/pages/7659,7659,62920465.0,Hemisyntrachelidae,767.0,Delphinidae,,,,,
Carnivora,http://eol.org/pages/7662,7662,62133226.0,Carnivora,767.0,Carnivora,,,,,
Ursidae,http://eol.org/pages/7664,7664,62133227.0,Ursidae,767.0,Ursidae,,,,,
Ursidae,http://eol.org/pages/7664,7664,62921400.0,Ailuropodidae,767.0,Ursidae,,,,,
Procyonidae,http://eol.org/pages/7665,7665,62133309.0,Procyonidae,767.0,Procyonidae,,,,,
Phocidae,http://eol.org/pages/7666,7666,62133272.0,Phocidae,767.0,Phocidae,,,,,
Otariidae,http://eol.org/pages/7667,7667,62133245.0,Otariidae,767.0,Otariidae,,,,,
Mustelidae,http://eol.org/pages/7670,7670,62133332.0,Mustelidae,767.0,Mustelidae,,,,,
Mephitidae,http://eol.org/pages/7671,7671,62133576.0,Mephitidae,767.0,Mephitidae,,,,,
"Herpestidae Bonaparte, 1845",http://eol.org/pages/7673,7673,63001527.0,Cynictidae,767.0,Herpestidae,,,,,
"Herpestidae Bonaparte, 1845",http://eol.org/pages/7673,7673,62133406.0,Herpestidae,767.0,Herpestidae,,,,,
Felidae,http://eol.org/pages/7674,7674,62133593.0,Felidae,767.0,Felidae,,,,,
Canidae,http://eol.org/pages/7676,7676,62133455.0,Canidae,767.0,Canidae,,,,,
Tayassuidae (Peccaries),http://eol.org/pages/7680,7680,62137759.0,Tayassuidae,767.0,Tayassuidae,,,,,
"Suidae (Hogs, pigs)",http://eol.org/pages/7681,7681,62137935.0,Suidae,767.0,Suidae,,,,,
Giraffidae,http://eol.org/pages/7684,7684,62137929.0,Giraffidae,767.0,Giraffidae,,,,,
Cervidae,http://eol.org/pages/7685,7685,62137702.0,Cervidae,767.0,Cervidae,,,,,
Camelidae,http://eol.org/pages/7686,7686,62137966.0,Camelidae,767.0,Camelidae,,,,,
Bovidae,http://eol.org/pages/7687,7687,62137695.0,Bovidae,767.0,Bovidae,,,,,
Antilocapridae,http://eol.org/pages/7688,7688,62137698.0,Antilocapridae,767.0,Antilocapridae,,,,,
Caprimulgidae,http://eol.org/pages/7971,7971,62157208.0,Caprimulgidae,767.0,Caprimulgidae,,,,,
Alcedinidae,http://eol.org/pages/7975,7975,62147106.0,Alcedinidae,767.0,Alcedinidae,,,,,
Columbiformes,http://eol.org/pages/7976,7976,61527703.0,Columbiformes,767.0,Columbiformes,,,,,
Columbidae,http://eol.org/pages/7978,7978,62156623.0,Columbidae,767.0,Columbidae,,,,,
Ciconiiformes,http://eol.org/pages/7981,7981,62150016.0,Ciconiiformes,767.0,Ciconiiformes,,,,,
Threskiornithidae,http://eol.org/pages/7982,7982,62149308.0,Threskiornithidae,767.0,Threskiornithidae,,,,,
Sulidae,http://eol.org/pages/7984,7984,62149463.0,Sulidae,767.0,Sulidae,,,,,
Scolopacidae,http://eol.org/pages/7988,7988,62149846.0,Scolopacidae,767.0,Scolopacidae,,,,,
Procellariidae,http://eol.org/pages/7992,7992,62149724.0,Procellariidae,767.0,Procellariidae,,,,,
Podicipedidae,http://eol.org/pages/7993,7993,62150122.0,Podicipedidae,767.0,Podicipedidae,,,,,
Phalacrocoracidae,http://eol.org/pages/7996,7996,62149992.0,Phalacrocoracidae,767.0,Phalacrocoracidae,,,,,
Pelecanidae,http://eol.org/pages/7999,7999,62148966.0,Pelecanidae,767.0,Pelecanidae,,,,,
Laridae,http://eol.org/pages/8001,8001,62149577.0,Laridae,767.0,Laridae,,,,,
Hydrobatidae,http://eol.org/pages/8003,8003,62150077.0,Hydrobatidae,767.0,Hydrobatidae,,,,,
Gaviidae,http://eol.org/pages/8005,8005,62150068.0,Gaviidae,767.0,Gaviidae,,,,,
Fregatidae,http://eol.org/pages/8006,8006,62148840.0,Fregatidae,767.0,Fregatidae,,,,,
Falconidae,http://eol.org/pages/8007,8007,62149479.0,Falconidae,767.0,Falconidae,,,,,
Diomedeidae,http://eol.org/pages/8008,8008,62149697.0,Diomedeidae,767.0,Diomedeidae,,,,,
Ciconiidae,http://eol.org/pages/8009,8009,62150017.0,Ciconiidae,767.0,Ciconiidae,,,,,
Charadriidae,http://eol.org/pages/8011,8011,62148869.0,Charadriidae,767.0,Charadriidae,,,,,
Ardeidae,http://eol.org/pages/8013,8013,62149359.0,Ardeidae,767.0,Ardeidae,,,,,
Alcidae,http://eol.org/pages/8015,8015,62149650.0,Alcidae,767.0,Alcidae,,,,,
Accipitridae,http://eol.org/pages/8016,8016,62148973.0,Accipitridae,767.0,Accipitridae,,,,,
Trochilidae,http://eol.org/pages/8021,8021,62147290.0,Trochilidae,767.0,Trochilidae,,,,,
Apodidae,http://eol.org/pages/8023,8023,62031409.0,Apodidae,767.0,Apodidae,,,,,
Anseriformes,http://eol.org/pages/8024,8024,61356569.0,Anseriformes,767.0,Anseriformes,,,,,
Anatidae,http://eol.org/pages/8027,8027,62157503.0,Anatidae,767.0,Anatidae,,,,,
Rosaceae,http://eol.org/pages/8097,8097,62256840.0,Rosaceae,767.0,Rosaceae,,,,,
Polychrotidae,http://eol.org/pages/8106,8106,62142915.0,Polychrotidae,767.0,Polychrotidae,,,,,
Teiidae,http://eol.org/pages/8110,8110,62140443.0,Teiidae,767.0,Teiidae,,,,,
Varanidae,http://eol.org/pages/8115,8115,62145689.0,Varanidae,767.0,Varanidae,,,,,
Viperidae,http://eol.org/pages/8116,8116,62138492.0,Viperidae,767.0,Viperidae,,,,,
Cheloniidae,http://eol.org/pages/8123,8123,62138119.0,Cheloniidae,767.0,Cheloniidae,,,,,
Chelydridae,http://eol.org/pages/8124,8124,62138129.0,Chelydridae,767.0,Chelydridae,,,,,
Emydidae,http://eol.org/pages/8127,8127,62138069.0,Emydidae,767.0,Emydidae,,,,,
Geoemydidae,http://eol.org/pages/8128,8128,62138051.0,Geoemydidae,767.0,Geoemydidae,,,,,
Kinosternidae,http://eol.org/pages/8129,8129,62138230.0,Kinosternidae,767.0,Kinosternidae,,,,,
Testudinidae,http://eol.org/pages/8132,8132,62138043.0,Testudinidae,767.0,Testudinidae,,,,,
Trionychidae,http://eol.org/pages/8133,8133,62138273.0,Trionychidae,767.0,Trionychidae,,,,,
Arecaceae,http://eol.org/pages/8193,8193,61393192.0,Arecaceae,767.0,Arecaceae,,,,,
Cyperaceae,http://eol.org/pages/8211,8211,62234800.0,Cyperaceae,767.0,Cyperaceae,,,,,
Gramineae (grasses),http://eol.org/pages/8223,8223,61607906.0,Poaceae,767.0,Poaceae,,,,,
Beryciformes,http://eol.org/pages/8234,8234,62101704.0,Beryciformes,767.0,Beryciformes,,,,,
Trachichthyidae,http://eol.org/pages/8235,8235,62101765.0,Trachichthyidae,767.0,Trachichthyidae,,,,,
Beloniformes,http://eol.org/pages/8242,8242,62097923.0,Beloniformes,767.0,Beloniformes,,,,,
Hemiramphidae,http://eol.org/pages/8244,8244,62105516.0,Hemiramphidae,767.0,Hemiramphidae,,,,,
Synodontidae,http://eol.org/pages/8251,8251,62099429.0,Synodontidae,767.0,Synodontidae,,,,,
Atheriniformes,http://eol.org/pages/8268,8268,62098043.0,Atheriniformes,767.0,Atheriniformes,,,,,
Atherinopsidae,http://eol.org/pages/8276,8276,62122599.0,Notocheiridae,767.0,Atherinopsidae,,,,,
Atherinopsidae,http://eol.org/pages/8276,8276,62122664.0,Atherinopsidae,767.0,Atherinopsidae,,,,,
Ophichthidae,http://eol.org/pages/8283,8283,64522879.0,Ophichthidae,767.0,Ophichthidae,,,,,
Ophichthidae,http://eol.org/pages/8283,8283,62118831.0,Ophichthidae,767.0,Ophichthidae,,,,,
Congridae,http://eol.org/pages/8292,8292,62096896.0,Congridae,767.0,Congridae,,,,,
Anguillidae,http://eol.org/pages/8295,8295,62118911.0,Anguillidae,767.0,Anguillidae,,,,,
Acipenseridae,http://eol.org/pages/8302,8302,62094083.0,Acipenseridae,767.0,Acipenseridae,,,,,
Strigidae,http://eol.org/pages/8660,8660,61925011.0,Strigidae,767.0,Strigidae,,,,,
Struthioniformes,http://eol.org/pages/8662,8662,62156610.0,Struthioniformes,767.0,Struthioniformes,,,,,
Struthionidae,http://eol.org/pages/8667,8667,62156611.0,Struthionidae,767.0,Struthionidae,,,,,
Rodentia,http://eol.org/pages/8677,8677,61535678.0,Rodentia,767.0,Rodentia,,,,,
Castoridae,http://eol.org/pages/8684,8684,62137123.0,Castoridae,767.0,Castoridae,,,,,
Caviidae,http://eol.org/pages/8685,8685,62135154.0,Caviidae,767.0,Caviidae,,,,,
Erethizontidae,http://eol.org/pages/8691,8691,62135128.0,Erethizontidae,767.0,Erethizontidae,,,,,
Erethizontidae,http://eol.org/pages/8691,8691,63983466.0,Coendidae,767.0,Erethizontidae,,,,,
Geomyidae,http://eol.org/pages/8692,8692,62136724.0,Geomyidae,767.0,Geomyidae,,,,,
Hystricidae,http://eol.org/pages/8696,8696,62079463.0,Hystricidae,767.0,Hystricidae,,,,,
Muridae,http://eol.org/pages/8698,8698,62135212.0,Muridae,767.0,Muridae,,,,,
Sciuridae,http://eol.org/pages/8703,8703,62134814.0,Sciuridae,767.0,Sciuridae,,,,,
Sciuridae,http://eol.org/pages/8703,8703,62916732.0,Petauristidae,767.0,Sciuridae,,,,,
Soricidae,http://eol.org/pages/8714,8714,62133848.0,Soricidae,767.0,Soricidae,,,,,
Talpidae,http://eol.org/pages/8715,8715,62134240.0,Talpidae,767.0,Talpidae,,,,,
Myliobatidae,http://eol.org/pages/8882,8882,61997073.0,Myliobatidae,767.0,Myliobatidae,,,,,
Rajidae,http://eol.org/pages/8885,8885,62095050.0,Rajidae,767.0,Rajidae,,,,,
Squaliformes,http://eol.org/pages/8888,8888,61990306.0,Squaliformes,767.0,Squaliformes,,,,,
Sarcopterygii,http://eol.org/pages/8909,8909,61984570.0,Sarcopterygii,767.0,Sarcopterygii,,,,,
Protopteridae,http://eol.org/pages/8916,8916,61984572.0,Protopteridae,767.0,Protopteridae,,,,,
Sorex,http://eol.org/pages/10807,10807,62134163.0,Sorex,767.0,Sorex,,,,,
Sylvilagus,http://eol.org/pages/10818,10818,62134667.0,Sylvilagus,767.0,Sylvilagus,,,,,
Lepus,http://eol.org/pages/10840,10840,62134634.0,Lepus,767.0,Lepus,,,,,
Cichlasoma,http://eol.org/pages/11122,11122,62106830.0,Cichlasoma,767.0,Cichlasoma,,,,,
Pheucticus,http://eol.org/pages/11884,11884,62154015.0,Pheucticus,767.0,Pheucticus,,,,,
Onobrychis,http://eol.org/pages/13466,13466,62309470.0,Onobrychis,767.0,Onobrychis,,,,,
acacia,http://eol.org/pages/13650,13650,,,,,,,,,
Kinosternon,http://eol.org/pages/13805,13805,62138245.0,Kinosternon,767.0,Kinosternon,,,,,
Agouti,http://eol.org/pages/14083,14083,62135109.0,Dasyprocta,767.0,Dasyprocta,,,,,
Mustela,http://eol.org/pages/14116,14116,62133398.0,Mustela,767.0,Mustela,,,,,
Peromyscus,http://eol.org/pages/14119,14119,62135379.0,Peromyscus,767.0,Peromyscus,,,,,
Panthera,http://eol.org/pages/14134,14134,62133645.0,Panthera,767.0,Panthera,,,,,
Ophisaurus,http://eol.org/pages/14172,14172,63534792.0,Ophisaurus,767.0,Ophisaurus,,,,,
Ophisaurus,http://eol.org/pages/14172,14172,62393799.0,Ophisaurus,767.0,Ophisaurus,,,,,
Canis,http://eol.org/pages/14460,14460,62691565.0,Canis,767.0,Canis,,,,,
Talpa,http://eol.org/pages/14481,14481,62134253.0,Talpa,767.0,Talpa,,,,,
Antilocapra,http://eol.org/pages/14483,14483,62137699.0,Antilocapra,767.0,Antilocapra,,,,,
Erinaceus,http://eol.org/pages/14833,14833,63128447.0,Erinaceus,767.0,Erinaceus,,,,,
Erinaceus,http://eol.org/pages/14833,14833,62392671.0,Erinaceus,767.0,Erinaceus,,,,,
Papio,http://eol.org/pages/15084,15084,63128419.0,Papio,767.0,Papio,,,,,
Spermophilus,http://eol.org/pages/15104,15104,62134889.0,Spermophilus,767.0,Spermophilus,,,,,
Piranga,http://eol.org/pages/15192,15192,62152991.0,Piranga,767.0,Piranga,,,,,
Bufo,http://eol.org/pages/15219,15219,62328760.0,Phryne,767.0,Bufo,,,,,
Bufo,http://eol.org/pages/15219,15219,63321190.0,Phryne,767.0,Bufo,,,,,
Bufo,http://eol.org/pages/15219,15219,62126441.0,Torrentophryne,767.0,Bufo,,,,,
Bufo,http://eol.org/pages/15219,15219,62126778.0,Bufo,767.0,Bufo,,,,,
Bufo,http://eol.org/pages/15219,15219,62407660.0,Phryne,767.0,Bufo,,,,,
Bufo,http://eol.org/pages/15219,15219,63534738.0,Bufo,767.0,Bufo,,,,,
Bufo,http://eol.org/pages/15219,15219,62904039.0,Platosphus,767.0,Bufo,,,,,
Bufo,http://eol.org/pages/15219,15219,62904697.0,Bufavus,767.0,Bufo,,,,,
Bufo,http://eol.org/pages/15219,15219,62904999.0,Pegaeus,767.0,Bufo,,,,,
Equus,http://eol.org/pages/15580,15580,62137682.0,Equus,767.0,Equus,,,,,
Gazella,http://eol.org/pages/15584,15584,62137842.0,Gazella,767.0,Gazella,,,,,
Orthogeomys,http://eol.org/pages/15605,15605,62136753.0,Orthogeomys,767.0,Orthogeomys,,,,,
Capreolus,http://eol.org/pages/15610,15610,62137711.0,Capreolus,767.0,Capreolus,,,,,
Mazama,http://eol.org/pages/15613,15613,62137709.0,Mazama,767.0,Mazama,,,,,
Mazama,http://eol.org/pages/15613,15613,62395612.0,Mazama,767.0,Mazama,,,,,
Rana,http://eol.org/pages/15744,15744,64378460.0,Laurasiarana,767.0,Rana,,,,,
Rana,http://eol.org/pages/15744,15744,64413571.0,Liuhurana,767.0,Rana,,,,,
Rana,http://eol.org/pages/15744,15744,62904135.0,Aurorana,767.0,Rana,,,,,
Rana,http://eol.org/pages/15744,15744,62904087.0,Crotaphitis,767.0,Rana,,,,,
Rana,http://eol.org/pages/15744,15744,62126500.0,Rana,767.0,Rana,,,,,
Rana,http://eol.org/pages/15744,15744,62904542.0,Amerana,767.0,Rana,,,,,
junco,http://eol.org/pages/15837,15837,62154755.0,Junco,767.0,Junco,,,,,
Catostomus,http://eol.org/pages/17803,17803,62102479.0,Catostomus,767.0,Catostomus,,,,,
Procyon,http://eol.org/pages/18666,18666,62133327.0,Procyon,767.0,Procyon,,,,,
lynx,http://eol.org/pages/18767,18767,62133650.0,Lynx,767.0,Lynx,,,,,
Sceloporus,http://eol.org/pages/19576,19576,62140627.0,Sceloporus,767.0,Sceloporus,,,,,
Cardinalis,http://eol.org/pages/19590,19590,62390696.0,Cardinalis,767.0,Cardinalis,,,,,
Cardinalis,http://eol.org/pages/19590,19590,62154005.0,Cardinalis,767.0,Cardinalis,,,,,
Urocyon,http://eol.org/pages/20188,20188,62133489.0,Urocyon,767.0,Urocyon,,,,,
Felis,http://eol.org/pages/20189,20189,62133618.0,Felis,767.0,Felis,,,,,
Clarias,http://eol.org/pages/23806,23806,62095139.0,Clarias,767.0,Clarias,,,,,
Channa,http://eol.org/pages/24032,24032,62113057.0,Channa,767.0,Channa,,,,,
balistes,http://eol.org/pages/24173,24173,,,,,,,,,
Moxostoma,http://eol.org/pages/24206,24206,62102455.0,Moxostoma,767.0,Moxostoma,,,,,
Ictalurus,http://eol.org/pages/24531,24531,62094615.0,Ictalurus,767.0,Ictalurus,,,,,
Ameiurus,http://eol.org/pages/24532,24532,62094569.0,Ameiurus,767.0,Ameiurus,,,,,
Ambloplites,http://eol.org/pages/24704,24704,62115778.0,Ambloplites,767.0,Ambloplites,,,,,
brosme,http://eol.org/pages/24763,24763,,,,,,,,,
Rhamdia,http://eol.org/pages/24775,24775,62093534.0,Rhamdia,767.0,Rhamdia,,,,,
Notemigonus,http://eol.org/pages/24796,24796,62104054.0,Notemigonus,767.0,Notemigonus,,,,,
Protopterus,http://eol.org/pages/24850,24850,62996825.0,Protopterus,767.0,Protopterus,,,,,
Protopterus,http://eol.org/pages/24850,24850,62137981.0,Protopterus,767.0,Protopterus,,,,,
bairdiella,http://eol.org/pages/24936,24936,,,,,,,,,
Lepomis,http://eol.org/pages/25735,25735,62115764.0,Lepomis,767.0,Lepomis,,,,,
Pomoxis,http://eol.org/pages/27527,27527,62115785.0,Pomoxis,767.0,Pomoxis,,,,,
Medicago,http://eol.org/pages/27787,27787,62310840.0,Medicago,767.0,Medicago,,,,,
Lathyrus,http://eol.org/pages/27793,27793,62309747.0,Lathyrus,767.0,Lathyrus,,,,,
Lens,http://eol.org/pages/27812,27812,62305348.0,Lens,767.0,Lens,,,,,
Pisum,http://eol.org/pages/27825,27825,62302961.0,Pisum,767.0,Pisum,,,,,
Trigonella,http://eol.org/pages/28123,28123,62317064.0,Trigonella,767.0,Trigonella,,,,,
Blarina,http://eol.org/pages/28280,28280,62134116.0,Blarina,767.0,Blarina,,,,,
Scorpiurus,http://eol.org/pages/28324,28324,61620989.0,Scorpiurus,767.0,Scorpiurus,,,,,
Eleocharis,http://eol.org/pages/29150,29150,62487705.0,Heleocharis,767.0,Heleocharis,,,,,
Schoenoplectus,http://eol.org/pages/30089,30089,62240587.0,Schoenoplectus,767.0,Schoenoplectus,,,,,
Rubus,http://eol.org/pages/30108,30108,62318712.0,Rubus,767.0,Rubus,,,,,
Mauremys,http://eol.org/pages/32263,32263,62138403.0,Mauremys,767.0,Mauremys,,,,,
Thamnophis,http://eol.org/pages/32426,32426,62142317.0,Thamnophis,767.0,Thamnophis,,,,,
Tamiasciurus,http://eol.org/pages/33847,33847,62134878.0,Tamiasciurus,767.0,Tamiasciurus,,,,,
Microtus,http://eol.org/pages/34264,34264,62135983.0,Microtus,767.0,Microtus,,,,,
Tamias,http://eol.org/pages/34417,34417,62134988.0,Tamias,767.0,Tamias,,,,,
"Puma Jardine, 1834",http://eol.org/pages/34428,34428,62133637.0,Puma,767.0,Puma,,,,,
Oryzomys,http://eol.org/pages/34544,34544,62135542.0,Oryzomys,767.0,Oryzomys,,,,,
Cervus,http://eol.org/pages/34545,34545,62137732.0,Cervus,767.0,Cervus,,,,,
Rangifer,http://eol.org/pages/34546,34546,62137707.0,Rangifer,767.0,Rangifer,,,,,
Odocoileus,http://eol.org/pages/34547,34547,62137738.0,Odocoileus,767.0,Odocoileus,,,,,
Bos,http://eol.org/pages/34548,34548,62137790.0,Bos,767.0,Bos,,,,,
Martes,http://eol.org/pages/34549,34549,62395429.0,Martes,767.0,Martes,,,,,
Martes,http://eol.org/pages/34549,34549,62133378.0,Martes,767.0,Martes,,,,,
Lasiurus,http://eol.org/pages/34611,34611,62132567.0,Lasiurus,767.0,Lasiurus,,,,,
Sciurus,http://eol.org/pages/34612,34612,63612785.0,Sciurus,767.0,Sciurus,,,,,
Sciurus,http://eol.org/pages/34612,34612,62135057.0,Sciurus,767.0,Sciurus,,,,,
"Ondatra Link, 1795",http://eol.org/pages/34613,34613,62136450.0,Ondatra,767.0,Ondatra,,,,,
Marmota,http://eol.org/pages/34620,34620,62134929.0,Marmota,767.0,Marmota,,,,,
Oryctolagus,http://eol.org/pages/34698,34698,62134694.0,Oryctolagus,767.0,Oryctolagus,,,,,
Didelphis,http://eol.org/pages/34779,34779,62137172.0,Didelphis,767.0,Didelphis,,,,,
Hemiechinus,http://eol.org/pages/34867,34867,62134762.0,Hemiechinus,767.0,Hemiechinus,,,,,
Clemmys,http://eol.org/pages/35255,35255,63534598.0,Clemmys,767.0,Clemmys,,,,,
Clemmys,http://eol.org/pages/35255,35255,63320856.0,Clemmys,767.0,Clemmys,,,,,
Clemmys,http://eol.org/pages/35255,35255,62138358.0,Clemmys,767.0,Clemmys,,,,,
Pseudemys,http://eol.org/pages/35257,35257,62138338.0,Pseudemys,767.0,Pseudemys,,,,,
"Chrysemys Gray, 1844",http://eol.org/pages/35258,35258,62138386.0,Chrysemys,767.0,Chrysemys,,,,,
Drymobius,http://eol.org/pages/35489,35489,62141636.0,Drymobius,767.0,Drymobius,,,,,
Spilotes,http://eol.org/pages/35520,35520,62142260.0,Spilotes,767.0,Spilotes,,,,,
Chitra,http://eol.org/pages/35714,35714,62138303.0,Chitra,767.0,Chitra,,,,,
"Balanus Costa, 1778",http://eol.org/pages/35798,35798,61932609.0,Balanus,767.0,Balanus,,,,,
caracal,http://eol.org/pages/35822,35822,62133614.0,Caracal,767.0,Caracal,,,,,
Chelydra,http://eol.org/pages/35894,35894,63928893.0,Chelydra,767.0,Chelydra,,,,,
Chelydra,http://eol.org/pages/35894,35894,62138130.0,Chelydra,767.0,Chelydra,,,,,
Herpestes,http://eol.org/pages/35924,35924,63841043.0,Herpestes,767.0,Herpestes,,,,,
Herpestes,http://eol.org/pages/35924,35924,62133440.0,Herpestes,767.0,Herpestes,,,,,
lontra,http://eol.org/pages/35935,35935,,,,,,,,,
Meles,http://eol.org/pages/35940,35940,62133384.0,Meles,767.0,Meles,,,,,
Mephitis,http://eol.org/pages/35946,35946,63128268.0,Mephitis,767.0,Mephitis,,,,,
Silene,http://eol.org/pages/37656,37656,62530515.0,Gastrolychnis,767.0,Gastrolychnis,,,,,
Lepidium,http://eol.org/pages/38044,38044,62330102.0,Lepidium,767.0,Lepidium,,,,,
Rumex,http://eol.org/pages/38064,38064,62287079.0,Rumex,767.0,Rumex,,,,,
Picris,http://eol.org/pages/38104,38104,62342135.0,Picris,767.0,Picris,,,,,
Giraffa,http://eol.org/pages/38813,38813,62137930.0,Giraffa,767.0,Giraffa,,,,,
Dama,http://eol.org/pages/38816,38816,63128826.0,Dama,767.0,Dama,,,,,
Camelus,http://eol.org/pages/38902,38902,62137967.0,Camelus,767.0,Camelus,,,,,
Ovis,http://eol.org/pages/39510,39510,62137861.0,Ovis,767.0,Ovis,,,,,
Bubalus,http://eol.org/pages/39511,39511,62619522.0,Bubalus,767.0,Bubalus,,,,,
Antilope,http://eol.org/pages/39513,39513,62137696.0,Antilope,767.0,Antilope,,,,,
Sternotherus,http://eol.org/pages/39785,39785,62138231.0,Sternotherus,767.0,Sternotherus,,,,,
Macaca,http://eol.org/pages/41559,41559,62134539.0,Macaca,767.0,Macaca,,,,,
Cavia,http://eol.org/pages/42055,42055,62135168.0,Cavia,767.0,Cavia,,,,,
Cavia,http://eol.org/pages/42055,42055,62412964.0,Cavia,767.0,Cavia,,,,,
Condylura,http://eol.org/pages/42153,42153,62134302.0,Condylura,767.0,Condylura,,,,,
Anoura,http://eol.org/pages/42171,42171,63294437.0,Anoura,767.0,Anoura,,,,,
Anoura,http://eol.org/pages/42171,42171,61938254.0,Anoura,767.0,Anoura,,,,,
Eptesicus,http://eol.org/pages/42208,42208,62132380.0,Eptesicus,767.0,Eptesicus,,,,,
Homo,http://eol.org/pages/42268,42268,62134418.0,Homo,767.0,Homo,,,,,
Castor,http://eol.org/pages/42276,42276,62137124.0,Castor,767.0,Castor,,,,,
Sus,http://eol.org/pages/42318,42318,62137943.0,Sus,767.0,Sus,,,,,
Reithrodontomys,http://eol.org/pages/42339,42339,62135361.0,Reithrodontomys,767.0,Reithrodontomys,,,,,
Rattus,http://eol.org/pages/42343,42343,62136573.0,Rattus,767.0,Rattus,,,,,
Onychomys,http://eol.org/pages/42347,42347,62135905.0,Onychomys,767.0,Onychomys,,,,,
Erethizon,http://eol.org/pages/42349,42349,62135129.0,Erethizon,767.0,Erethizon,,,,,
Alces,http://eol.org/pages/42400,42400,62137722.0,Alces,767.0,Alces,,,,,
Capra,http://eol.org/pages/42403,42403,62137820.0,Capra,767.0,Capra,,,,,
Potamon,http://eol.org/pages/44149,44149,62024457.0,Potamon,767.0,Potamon,,,,,
"Triodopsis Rafinesque, 1819",http://eol.org/pages/50329,50329,62069882.0,Triodopsis,767.0,Triodopsis,,,,,
"Polygyra Say, 1818",http://eol.org/pages/50337,50337,62069865.0,Polygyra,767.0,Polygyra,,,,,
Patella,http://eol.org/pages/52266,52266,63418319.0,Patella,767.0,Patella,,,,,
Valerianella (cornsalad),http://eol.org/pages/59328,59328,62287009.0,Valerianella,767.0,Valerianella,,,,,
Valerianella (cornsalad),http://eol.org/pages/59328,59328,63624899.0,Valerianella,767.0,Valerianella,,,,,
centaurea,http://eol.org/pages/59386,59386,,,,,,,,,
alkanna,http://eol.org/pages/61209,61209,62300115.0,Alkanna,767.0,Alkanna,,,,,
alkanna,http://eol.org/pages/61209,61209,62390327.0,Alkanna,767.0,Alkanna,,,,,
Fumaria (fumitory),http://eol.org/pages/61793,61793,62286914.0,Fumaria,767.0,Fumaria,,,,,
"Lobosculum Pilsbry, 1930",http://eol.org/pages/70825,70825,62070078.0,Lobosculum,767.0,Lobosculum,,,,,
Hexaplex,http://eol.org/pages/70858,70858,62074946.0,Hexaplex,767.0,Hexaplex,,,,,
peganum,http://eol.org/pages/70989,70989,62370959.0,Peganum,767.0,Peganum,,,,,
peganum,http://eol.org/pages/70989,70989,63763267.0,Peganum,767.0,Peganum,,,,,
Adonis (pheasant's eye),http://eol.org/pages/72687,72687,62324487.0,Adonis,767.0,Adonis,,,,,
Rafetus,http://eol.org/pages/80601,80601,62138297.0,Rafetus,767.0,Rafetus,,,,,
"Aythya F. Boie, 1822",http://eol.org/pages/88901,88901,,,,,,,,,
Aplodinotus,http://eol.org/pages/99403,99403,62117757.0,Aplodinotus,767.0,Aplodinotus,,,,,
"Erimyzon Jordan, 1876",http://eol.org/pages/99511,99511,62102439.0,Erimyzon,767.0,Erimyzon,,,,,
Clethrionomys,http://eol.org/pages/103453,103453,62136483.0,Clethrionomys,767.0,Clethrionomys,,,,,
caracara,http://eol.org/pages/105967,105967,62149480.0,Caracara,767.0,Caracara,,,,,
Triticum,http://eol.org/pages/108051,108051,62239505.0,Triticum,767.0,Triticum,,,,,
Avena,http://eol.org/pages/108054,108054,62239004.0,Avena,767.0,Avena,,,,,
Elymus,http://eol.org/pages/108065,108065,62581122.0,Elymus,767.0,Elymus,,,,,
Bromus,http://eol.org/pages/108079,108079,62238337.0,Bromus,767.0,Bromus,,,,,
Hordeum,http://eol.org/pages/108088,108088,62239353.0,Hordeum,767.0,Hordeum,,,,,
Lolium,http://eol.org/pages/108090,108090,63533859.0,Crypturus,767.0,Crypturus,,,,,
Phragmites,http://eol.org/pages/108094,108094,62239244.0,Phragmites,767.0,Phragmites,,,,,
Phalaris,http://eol.org/pages/108108,108108,62238192.0,Phalaris,767.0,Phalaris,,,,,
Cricetus,http://eol.org/pages/111221,111221,62136065.0,Cricetus,767.0,Cricetus,,,,,
Mesocricetus,http://eol.org/pages/111222,111222,62135867.0,Mesocricetus,767.0,Mesocricetus,,,,,
Arvicola,http://eol.org/pages/111244,111244,62135880.0,Arvicola,767.0,Arvicola,,,,,
Gerbillus,http://eol.org/pages/111264,111264,62135310.0,Gerbillus,767.0,Gerbillus,,,,,
Tatera,http://eol.org/pages/111271,111271,62135567.0,Tatera,767.0,Tatera,,,,,
Spalax,http://eol.org/pages/111274,111274,62136253.0,Spalax,767.0,Spalax,,,,,
Anolis,http://eol.org/pages/795877,795877,62144843.0,Anolis,767.0,Anolis,,,,,
"Veneroidea Rafinesque, 1815",http://eol.org/pages/2577535,2577535,,,,,,,,,
(Unspecified) Vertebrates,http://eol.org/pages/2774383,2774383,,,,,,,,,
Chondrichthyes,http://eol.org/pages/2774522,2774522,,,,,,,,,
Myliobatiformes,http://eol.org/pages/2775391,2775391,61383130.0,Myliobatiformes,767.0,Myliobatiformes,,,,,
"Serpentes Linnaeus, 1758",http://eol.org/pages/2815988,2815988,,,,,,,,,
"Metatheria Huxley, 1880",http://eol.org/pages/2844108,2844108,,,,,,,,,
Dasyproctidae,http://eol.org/pages/2849115,2849115,62135108.0,Dasyproctidae,767.0,Dasyproctidae,,,,,
Vitales,http://eol.org/pages/2865192,2865192,62326592.0,Vitales,767.0,Vitales,,,,,
Pandionidae,http://eol.org/pages/2869290,2869290,62149267.0,Pandionidae,767.0,Pandionidae,,,,,
Falconiformes,http://eol.org/pages/2869903,2869903,62149148.0,Falconiformes,767.0,Falconiformes,,,,,
Nitrariaceae,http://eol.org/pages/2888493,2888493,62391309.0,Nitrariaceae,767.0,Nitrariaceae,,,,,
Nitrariaceae,http://eol.org/pages/2888493,2888493,62370958.0,Tetradiclidaceae,767.0,Nitrariaceae,,,,,
Ziziphora,http://eol.org/pages/2894369,2894369,62548537.0,Ziziphora,767.0,Ziziphora,,,,,
Charadriiformes,http://eol.org/pages/2917972,2917972,62146877.0,Charadriiformes,767.0,Charadriiformes,,,,,
Pelecaniformes,http://eol.org/pages/2918020,2918020,62148958.0,Pelecaniformes,767.0,Pelecaniformes,,,,,
Podicipediformes,http://eol.org/pages/2920964,2920964,62150121.0,Podicipediformes,767.0,Podicipediformes,,,,,
Cathartidae,http://eol.org/pages/2922049,2922049,62150022.0,Cathartidae,767.0,Cathartidae,,,,,
Procellariiformes,http://eol.org/pages/2922902,2922902,62149696.0,Procellariiformes,767.0,Procellariiformes,,,,,
Gaviiformes,http://eol.org/pages/2923425,2923425,62150067.0,Gaviiformes,767.0,Gaviiformes,,,,,
Accipitriformes,http://eol.org/pages/2942901,2942901,62148972.0,Accipitriformes,767.0,Accipitriformes,,,,,
Bolinus,http://eol.org/pages/2972737,2972737,62664965.0,Bolinus,767.0,Bolinus,,,,,
Unio,http://eol.org/pages/2979542,2979542,62065003.0,Unio,767.0,Unio,,,,,
Ungulata,http://eol.org/pages/4530122,4530122,,,,,,,,,
Ostreoidea,http://eol.org/pages/4743882,4743882,,,,,,,,,
"Unionoidea Rafinesque, 1820",http://eol.org/pages/4752889,4752889,,,,,,,,,
Boraginales,http://eol.org/pages/6349111,6349111,62113002.0,Boraginales,767.0,Boraginales,,,,,
Trifolieae,http://eol.org/pages/11911326,11911326,,,,,,,,,
Pelycopoda,http://eol.org/pages/14022305,14022305,,,,,,,,,
Suliformes,http://eol.org/pages/18692669,18692669,62148839.0,Suliformes,767.0,Suliformes,,,,,
Sheep/goat,http://eol.org/pages/32609438,32609438,,,,,,,,,
"Busycon RÃ¶ding, 1798",http://eol.org/pages/46463538,46463538,62074169.0,Busycon,767.0,Busycon,,,,,
"Arcidae Lamarck, 1809",http://eol.org/pages/46465774,46465774,62063880.0,Arcidae,767.0,Arcidae,,,,,
"Mercenaria Schumacher, 1817",http://eol.org/pages/46469523,46469523,62064758.0,Mercenaria,767.0,Mercenaria,,,,,
Serpentes,http://eol.org/pages/46559499,46559499,,,,,,,,,
"Brevoortia Gill, 1861",http://eol.org/pages/46562445,46562445,62122965.0,Brevoortia,767.0,Brevoortia,,,,,
"Prionotus LacepÃ¨de, 1801",http://eol.org/pages/46568728,46568728,62092582.0,Prionotus,767.0,Prionotus,,,,,
"Prionotus LacepÃ¨de, 1801",http://eol.org/pages/46568728,46568728,63321027.0,Prionotus,767.0,Prionotus,,,,,
"Prionotus LacepÃ¨de, 1801",http://eol.org/pages/46568728,46568728,62402253.0,Prionotus,767.0,Prionotus,,,,,
"Micropogonias Bonaparte, 1831",http://eol.org/pages/46578959,46578959,62117603.0,Micropogonias,767.0,Micropogonias,,,,,
"Micropterus LacepÃ¨de, 1802",http://eol.org/pages/46580118,46580118,62114519.0,Micropterus,767.0,Micropterus,,,,,
"Lepisosteus LacepÃ¨de, 1803",http://eol.org/pages/46582203,46582203,62097453.0,Lepisosteus,767.0,Lepisosteus,,,,,
